src,dst,kind
article-1,article-1.1,HAS_SUBUNIT
article-1.1,article-1.2,HAS_SUBUNIT
article-1.2,article-1.2.a,HAS_SUBUNIT
article-1.2.a,article-1.2.a.b,HAS_SUBUNIT
article-1.2.a.b,article-1.2.a.b.c,HAS_SUBUNIT
article-1.2.a.b.c,article-1.2.a.b.c.d,HAS_SUBUNIT
article-1.2.a.b.c.d,article-1.2.a.b.c.d.e,HAS_SUBUNIT
article-1.2.a.b.c.d.e,article-1.2.a.b.c.d.e.f,HAS_SUBUNIT
article-1.2.a.b.c.d.e.f,article-1.2.a.b.c.d.e.f.g,HAS_SUBUNIT
article-10,article-10.1,HAS_SUBUNIT
article-10.1,article-10.2,HAS_SUBUNIT
article-10.2,article-10.2.a,HAS_SUBUNIT
article-10.2.a,article-10.2.a.b,HAS_SUBUNIT
article-10.2.a.b,article-10.2.a.b.c,HAS_SUBUNIT
article-10.2.a.b.c,article-10.2.a.b.c.d,HAS_SUBUNIT
article-10.2.a.b.c.d,article-10.2.a.b.c.d.e,HAS_SUBUNIT
article-10.2.a.b.c.d.e,article-10.2.a.b.c.d.e.f,HAS_SUBUNIT
article-10.2.a.b.c.d.e.f,article-10.2.a.b.c.d.e.f.g,HAS_SUBUNIT
article-10.2.a.b.c.d.e.f.g,article-10.2.a.b.c.d.e.f.g.h,HAS_SUBUNIT
article-10.2.a.b.c.d.e.f.g.h,article-10.3,HAS_SUBUNIT
article-10.3,article-10.4,HAS_SUBUNIT
article-10.4,article-10.6,HAS_SUBUNIT
article-100,article-100.1,HAS_SUBUNIT
article-100.1,article-100.1.a,HAS_SUBUNIT
article-100.1.a,article-100.1.a.b,HAS_SUBUNIT
article-100.1.a.b,article-100.1.a.b.c,HAS_SUBUNIT
article-100.1.a.b.c,article-100.1.a.b.c.d,HAS_SUBUNIT
article-100.1.a.b.c.d,article-100.1.a.b.c.d.e,HAS_SUBUNIT
article-100.1.a.b.c.d.e,article-100.1.a.b.c.d.e.f,HAS_SUBUNIT
article-100.1.a.b.c.d.e.f,article-100.1.a.b.c.d.e.f.g,HAS_SUBUNIT
article-100.1.a.b.c.d.e.f.g,article-100.2,HAS_SUBUNIT
article-100.2,article-100.3,HAS_SUBUNIT
article-100.3,article-100.4,HAS_SUBUNIT
article-100.4,article-100.5,HAS_SUBUNIT
article-100.5,article-100.6,HAS_SUBUNIT
article-100.6,article-100.7,HAS_SUBUNIT
article-101,article-101.1,HAS_SUBUNIT
article-101.1,article-101.1.a,HAS_SUBUNIT
article-101.1.a,article-101.1.a.b,HAS_SUBUNIT
article-101.1.a.b,article-101.1.a.b.c,HAS_SUBUNIT
article-101.1.a.b.c,article-101.1.a.b.c.d,HAS_SUBUNIT
article-101.1.a.b.c.d,article-101.2,HAS_SUBUNIT
article-101.2,article-101.3,HAS_SUBUNIT
article-101.3,article-101.4,HAS_SUBUNIT
article-101.4,article-101.5,HAS_SUBUNIT
article-101.5,article-101.6,HAS_SUBUNIT
article-105,article-105.5,HAS_SUBUNIT
article-106,article-106.12,HAS_SUBUNIT
article-107,article-107.4,HAS_SUBUNIT
article-108,article-108.1,HAS_SUBUNIT
article-108.1,article-108.1.3,HAS_SUBUNIT
article-108.1.3,article-108.2,HAS_SUBUNIT
article-108.2,article-108.2.4,HAS_SUBUNIT
article-108.2.4,article-108.3,HAS_SUBUNIT
article-108.3,article-108.3.4,HAS_SUBUNIT
article-108.3.4,article-108.4,HAS_SUBUNIT
article-108.4,article-108.4.3,HAS_SUBUNIT
article-108.4.3,article-108.5,HAS_SUBUNIT
article-108.5,article-108.6,HAS_SUBUNIT
article-108.6,article-108.6.3,HAS_SUBUNIT
article-109,article-109.3,HAS_SUBUNIT
article-11,article-11.1,HAS_SUBUNIT
article-11.1,article-11.2,HAS_SUBUNIT
article-11.2,article-11.3,HAS_SUBUNIT
article-110,article-110.68,HAS_SUBUNIT
article-111,article-111.1,HAS_SUBUNIT
article-111.1,article-111.2,HAS_SUBUNIT
article-111.2,article-111.3,HAS_SUBUNIT
article-111.3,article-111.4,HAS_SUBUNIT
article-112,article-112.1,HAS_SUBUNIT
article-112.1,article-112.2,HAS_SUBUNIT
article-112.2,article-112.2.a,HAS_SUBUNIT
article-112.2.a,article-112.2.a.b,HAS_SUBUNIT
article-112.2.a.b,article-112.2.a.b.c,HAS_SUBUNIT
article-112.2.a.b.c,article-112.3,HAS_SUBUNIT
article-112.3,article-112.4,HAS_SUBUNIT
article-112.4,article-112.4.a,HAS_SUBUNIT
article-112.4.a,article-112.4.a.b,HAS_SUBUNIT
article-112.4.a.b,article-112.4.a.b.c,HAS_SUBUNIT
article-112.4.a.b.c,article-112.4.a.b.c.d,HAS_SUBUNIT
article-112.4.a.b.c.d,article-112.5,HAS_SUBUNIT
article-112.5,article-112.6,HAS_SUBUNIT
article-112.6,article-112.7,HAS_SUBUNIT
article-112.7,article-112.8,HAS_SUBUNIT
article-112.8,article-112.9,HAS_SUBUNIT
article-112.9,article-112.10,HAS_SUBUNIT
article-112.10,article-112.11,HAS_SUBUNIT
article-112.11,article-112.11.a,HAS_SUBUNIT
article-112.11.a,article-112.11.a.b,HAS_SUBUNIT
article-112.11.a.b,article-112.11.a.b.c,HAS_SUBUNIT
article-112.11.a.b.c,article-112.12,HAS_SUBUNIT
article-112.12,article-112.13,HAS_SUBUNIT
article-113,article-113.a,HAS_SUBUNIT
article-113.a,article-113.b,HAS_SUBUNIT
article-113.b,article-113.c,HAS_SUBUNIT
article-113.c,article-113.c.i,HAS_SUBUNIT
article-113.c.i,article-113.c.i.ii,HAS_SUBUNIT
article-113.c.i.ii,article-113.d,HAS_SUBUNIT
article-12,article-12.1,HAS_SUBUNIT
article-12.1,article-12.2,HAS_SUBUNIT
article-12.2,article-12.2.a,HAS_SUBUNIT
article-12.2.a,article-12.2.a.b,HAS_SUBUNIT
article-12.2.a.b,article-12.2.a.b.c,HAS_SUBUNIT
article-12.2.a.b.c,article-12.3,HAS_SUBUNIT
article-12.3,article-12.3.a,HAS_SUBUNIT
article-12.3.a,article-12.3.a.b,HAS_SUBUNIT
article-12.3.a.b,article-12.3.a.b.c,HAS_SUBUNIT
article-12.3.a.b.c,article-12.3.a.b.c.d,HAS_SUBUNIT
article-13,article-13.1,HAS_SUBUNIT
article-13.1,article-13.2,HAS_SUBUNIT
article-13.2,article-13.3,HAS_SUBUNIT
article-13.3,article-13.3.a,HAS_SUBUNIT
article-13.3.a,article-13.3.a.b,HAS_SUBUNIT
article-13.3.a.b,article-13.3.a.b.i,HAS_SUBUNIT
article-13.3.a.b.i,article-13.3.a.b.i.ii,HAS_SUBUNIT
article-13.3.a.b.i.ii,article-13.3.a.b.i.ii.iii,HAS_SUBUNIT
article-13.3.a.b.i.ii.iii,article-13.3.a.b.i.ii.iii.iv,HAS_SUBUNIT
article-13.3.a.b.i.ii.iii.iv,article-13.3.a.b.i.ii.iii.iv.v,HAS_SUBUNIT
article-13.3.a.b.i.ii.iii.iv.v,article-13.3.a.b.i.ii.iii.iv.v.vi,HAS_SUBUNIT
article-13.3.a.b.i.ii.iii.iv.v.vi,article-13.3.a.b.i.ii.iii.iv.v.vi.vii,HAS_SUBUNIT
article-13.3.a.b.i.ii.iii.iv.v.vi.vii,article-13.3.a.b.i.ii.iii.iv.v.vi.vii.c,HAS_SUBUNIT
article-13.3.a.b.i.ii.iii.iv.v.vi.vii.c,article-13.3.a.b.i.ii.iii.iv.v.vi.vii.c.d,HAS_SUBUNIT
article-13.3.a.b.i.ii.iii.iv.v.vi.vii.c.d,article-13.3.a.b.i.ii.iii.iv.v.vi.vii.c.d.e,HAS_SUBUNIT
article-13.3.a.b.i.ii.iii.iv.v.vi.vii.c.d.e,article-13.3.a.b.i.ii.iii.iv.v.vi.vii.c.d.e.f,HAS_SUBUNIT
article-14,article-14.1,HAS_SUBUNIT
article-14.1,article-14.2,HAS_SUBUNIT
article-14.2,article-14.3,HAS_SUBUNIT
article-14.3,article-14.3.a,HAS_SUBUNIT
article-14.3.a,article-14.3.a.b,HAS_SUBUNIT
article-14.3.a.b,article-14.4,HAS_SUBUNIT
article-14.4,article-14.4.a,HAS_SUBUNIT
article-14.4.a,article-14.4.a.b,HAS_SUBUNIT
article-14.4.a.b,article-14.4.a.b.c,HAS_SUBUNIT
article-14.4.a.b.c,article-14.4.a.b.c.d,HAS_SUBUNIT
article-14.4.a.b.c.d,article-14.4.a.b.c.d.e,HAS_SUBUNIT
article-14.4.a.b.c.d.e,article-14.5,HAS_SUBUNIT
article-15,article-15.1,HAS_SUBUNIT
article-15.1,article-15.2,HAS_SUBUNIT
article-15.2,article-15.3,HAS_SUBUNIT
article-15.3,article-15.4,HAS_SUBUNIT
article-15.4,article-15.5,HAS_SUBUNIT
article-16,article-16.a,HAS_SUBUNIT
article-16.a,article-16.b,HAS_SUBUNIT
article-16.b,article-16.c,HAS_SUBUNIT
article-16.c,article-16.d,HAS_SUBUNIT
article-16.d,article-16.e,HAS_SUBUNIT
article-16.e,article-16.f,HAS_SUBUNIT
article-16.f,article-16.g,HAS_SUBUNIT
article-16.g,article-16.h,HAS_SUBUNIT
article-16.h,article-16.i,HAS_SUBUNIT
article-16.i,article-16.j,HAS_SUBUNIT
article-16.j,article-16.k,HAS_SUBUNIT
article-16.k,article-16.l,HAS_SUBUNIT
article-17,article-17.1,HAS_SUBUNIT
article-17.1,article-17.1.a,HAS_SUBUNIT
article-17.1.a,article-17.1.a.b,HAS_SUBUNIT
article-17.1.a.b,article-17.1.a.b.c,HAS_SUBUNIT
article-17.1.a.b.c,article-17.1.a.b.c.d,HAS_SUBUNIT
article-17.1.a.b.c.d,article-17.1.a.b.c.d.e,HAS_SUBUNIT
article-17.1.a.b.c.d.e,article-17.1.a.b.c.d.e.f,HAS_SUBUNIT
article-17.1.a.b.c.d.e.f,article-17.1.a.b.c.d.e.f.g,HAS_SUBUNIT
article-17.1.a.b.c.d.e.f.g,article-17.1.a.b.c.d.e.f.g.h,HAS_SUBUNIT
article-17.1.a.b.c.d.e.f.g.h,article-17.1.a.b.c.d.e.f.g.h.i,HAS_SUBUNIT
article-17.1.a.b.c.d.e.f.g.h.i,article-17.1.a.b.c.d.e.f.g.h.i.j,HAS_SUBUNIT
article-17.1.a.b.c.d.e.f.g.h.i.j,article-17.1.a.b.c.d.e.f.g.h.i.j.k,HAS_SUBUNIT
article-17.1.a.b.c.d.e.f.g.h.i.j.k,article-17.1.a.b.c.d.e.f.g.h.i.j.k.l,HAS_SUBUNIT
article-17.1.a.b.c.d.e.f.g.h.i.j.k.l,article-17.1.a.b.c.d.e.f.g.h.i.j.k.l.m,HAS_SUBUNIT
article-17.1.a.b.c.d.e.f.g.h.i.j.k.l.m,article-17.2,HAS_SUBUNIT
article-17.2,article-17.3,HAS_SUBUNIT
article-17.3,article-17.4,HAS_SUBUNIT
article-18,article-18.1,HAS_SUBUNIT
article-18.1,article-18.1.a,HAS_SUBUNIT
article-18.1.a,article-18.1.a.b,HAS_SUBUNIT
article-18.1.a.b,article-18.1.a.b.c,HAS_SUBUNIT
article-18.1.a.b.c,article-18.1.a.b.c.d,HAS_SUBUNIT
article-18.1.a.b.c.d,article-18.1.a.b.c.d.e,HAS_SUBUNIT
article-18.1.a.b.c.d.e,article-18.2,HAS_SUBUNIT
article-18.2,article-18.3,HAS_SUBUNIT
article-19,article-19.1,HAS_SUBUNIT
article-19.1,article-19.2,HAS_SUBUNIT
article-2,article-2.1,HAS_SUBUNIT
article-2.1,article-2.1.a,HAS_SUBUNIT
article-2.1.a,article-2.1.a.b,HAS_SUBUNIT
article-2.1.a.b,article-2.1.a.b.c,HAS_SUBUNIT
article-2.1.a.b.c,article-2.1.a.b.c.d,HAS_SUBUNIT
article-2.1.a.b.c.d,article-2.1.a.b.c.d.e,HAS_SUBUNIT
article-2.1.a.b.c.d.e,article-2.1.a.b.c.d.e.f,HAS_SUBUNIT
article-2.1.a.b.c.d.e.f,article-2.1.a.b.c.d.e.f.g,HAS_SUBUNIT
article-2.1.a.b.c.d.e.f.g,article-2.2,HAS_SUBUNIT
article-2.2,article-2.3,HAS_SUBUNIT
article-2.3,article-2.4,HAS_SUBUNIT
article-2.4,article-2.5,HAS_SUBUNIT
article-2.5,article-2.6,HAS_SUBUNIT
article-2.6,article-2.7,HAS_SUBUNIT
article-2.7,article-2.8,HAS_SUBUNIT
article-2.8,article-2.9,HAS_SUBUNIT
article-2.9,article-2.10,HAS_SUBUNIT
article-2.10,article-2.11,HAS_SUBUNIT
article-2.11,article-2.12,HAS_SUBUNIT
article-2.12,article-2.13,HAS_SUBUNIT
article-2.13,article-2.13.a,HAS_SUBUNIT
article-2.13.a,article-2.13.a.b,HAS_SUBUNIT
article-20,article-20.1,HAS_SUBUNIT
article-20.1,article-20.2,HAS_SUBUNIT
article-21,article-21.1,HAS_SUBUNIT
article-21.1,article-21.2,HAS_SUBUNIT
article-21.2,article-21.3,HAS_SUBUNIT
article-22,article-22.1,HAS_SUBUNIT
article-22.1,article-22.2,HAS_SUBUNIT
article-22.2,article-22.3,HAS_SUBUNIT
article-22.3,article-22.3.a,HAS_SUBUNIT
article-22.3.a,article-22.3.a.b,HAS_SUBUNIT
article-22.3.a.b,article-22.3.a.b.c,HAS_SUBUNIT
article-22.3.a.b.c,article-22.3.a.b.c.d,HAS_SUBUNIT
article-22.3.a.b.c.d,article-22.3.a.b.c.d.e,HAS_SUBUNIT
article-22.3.a.b.c.d.e,article-22.4,HAS_SUBUNIT
article-23,article-23.1,HAS_SUBUNIT
article-23.1,article-23.1.a,HAS_SUBUNIT
article-23.1.a,article-23.1.a.b,HAS_SUBUNIT
article-23.1.a.b,article-23.1.a.b.c,HAS_SUBUNIT
article-23.1.a.b.c,article-23.1.a.b.c.d,HAS_SUBUNIT
article-23.1.a.b.c.d,article-23.2,HAS_SUBUNIT
article-23.2,article-23.3,HAS_SUBUNIT
article-23.3,article-23.4,HAS_SUBUNIT
article-23.4,article-23.5,HAS_SUBUNIT
article-23.5,article-23.6,HAS_SUBUNIT
article-23.6,article-23.7,HAS_SUBUNIT
article-24,article-24.1,HAS_SUBUNIT
article-24.1,article-24.2,HAS_SUBUNIT
article-24.2,article-24.3,HAS_SUBUNIT
article-24.3,article-24.4,HAS_SUBUNIT
article-24.4,article-24.5,HAS_SUBUNIT
article-24.5,article-24.6,HAS_SUBUNIT
article-25,article-25.1,HAS_SUBUNIT
article-25.1,article-25.1.a,HAS_SUBUNIT
article-25.1.a,article-25.1.a.b,HAS_SUBUNIT
article-25.1.a.b,article-25.1.a.b.c,HAS_SUBUNIT
article-25.1.a.b.c,article-25.2,HAS_SUBUNIT
article-25.2,article-25.a,HAS_SUBUNIT
article-25.a,article-25.b,HAS_SUBUNIT
article-25.b,article-25.c,HAS_SUBUNIT
article-25.c,article-25.3,HAS_SUBUNIT
article-25.3,article-25.3.a,HAS_SUBUNIT
article-25.3.a,article-25.3.a.b,HAS_SUBUNIT
article-25.3.a.b,article-25.4,HAS_SUBUNIT
article-25.4,article-25.5,HAS_SUBUNIT
article-26,article-26.1,HAS_SUBUNIT
article-26.1,article-26.2,HAS_SUBUNIT
article-26.2,article-26.3,HAS_SUBUNIT
article-26.3,article-26.4,HAS_SUBUNIT
article-26.4,article-26.5,HAS_SUBUNIT
article-26.5,article-26.6,HAS_SUBUNIT
article-26.6,article-26.7,HAS_SUBUNIT
article-26.7,article-26.8,HAS_SUBUNIT
article-26.8,article-26.9,HAS_SUBUNIT
article-26.9,article-26.10,HAS_SUBUNIT
article-26.10,article-26.11,HAS_SUBUNIT
article-26.11,article-26.12,HAS_SUBUNIT
article-27,article-27.1,HAS_SUBUNIT
article-27.1,article-27.1.a,HAS_SUBUNIT
article-27.1.a,article-27.1.a.b,HAS_SUBUNIT
article-27.1.a.b,article-27.1.a.b.c,HAS_SUBUNIT
article-27.1.a.b.c,article-27.1.a.b.c.d,HAS_SUBUNIT
article-27.1.a.b.c.d,article-27.1.a.b.c.d.e,HAS_SUBUNIT
article-27.1.a.b.c.d.e,article-27.1.a.b.c.d.e.f,HAS_SUBUNIT
article-27.1.a.b.c.d.e.f,article-27.2,HAS_SUBUNIT
article-27.2,article-27.3,HAS_SUBUNIT
article-27.3,article-27.4,HAS_SUBUNIT
article-27.4,article-27.5,HAS_SUBUNIT
article-28,article-28.1,HAS_SUBUNIT
article-28.1,article-28.2,HAS_SUBUNIT
article-28.2,article-28.3,HAS_SUBUNIT
article-28.3,article-28.4,HAS_SUBUNIT
article-28.4,article-28.5,HAS_SUBUNIT
article-28.5,article-28.6,HAS_SUBUNIT
article-28.6,article-28.7,HAS_SUBUNIT
article-28.7,article-28.8,HAS_SUBUNIT
article-28.8,article-28.9,HAS_SUBUNIT
article-29,article-29.1,HAS_SUBUNIT
article-29.1,article-29.2,HAS_SUBUNIT
article-29.2,article-29.3,HAS_SUBUNIT
article-29.3,article-29.4,HAS_SUBUNIT
article-3,article-3.1,HAS_SUBUNIT
article-3.1,article-3.2,HAS_SUBUNIT
article-3.2,article-3.3,HAS_SUBUNIT
article-3.3,article-3.4,HAS_SUBUNIT
article-3.4,article-3.5,HAS_SUBUNIT
article-3.5,article-3.6,HAS_SUBUNIT
article-3.6,article-3.7,HAS_SUBUNIT
article-3.7,article-3.8,HAS_SUBUNIT
article-3.8,article-3.9,HAS_SUBUNIT
article-3.9,article-3.10,HAS_SUBUNIT
article-3.10,article-3.11,HAS_SUBUNIT
article-3.11,article-3.12,HAS_SUBUNIT
article-3.12,article-3.13,HAS_SUBUNIT
article-3.13,article-3.14,HAS_SUBUNIT
article-3.14,article-3.14a,HAS_SUBUNIT
article-3.14a,article-3.14b,HAS_SUBUNIT
article-3.14b,article-3.15,HAS_SUBUNIT
article-3.15,article-3.16,HAS_SUBUNIT
article-3.16,article-3.17,HAS_SUBUNIT
article-3.17,article-3.18,HAS_SUBUNIT
article-3.18,article-3.19,HAS_SUBUNIT
article-3.19,article-3.20,HAS_SUBUNIT
article-3.20,article-3.21,HAS_SUBUNIT
article-3.21,article-3.22,HAS_SUBUNIT
article-3.22,article-3.23,HAS_SUBUNIT
article-3.23,article-3.24,HAS_SUBUNIT
article-3.24,article-3.25,HAS_SUBUNIT
article-3.25,article-3.26,HAS_SUBUNIT
article-3.26,article-3.27,HAS_SUBUNIT
article-3.27,article-3.28,HAS_SUBUNIT
article-3.28,article-3.29,HAS_SUBUNIT
article-3.29,article-3.30,HAS_SUBUNIT
article-3.30,article-3.31,HAS_SUBUNIT
article-3.31,article-3.32,HAS_SUBUNIT
article-3.32,article-3.33,HAS_SUBUNIT
article-3.33,article-3.34,HAS_SUBUNIT
article-3.34,article-3.35,HAS_SUBUNIT
article-3.35,article-3.36,HAS_SUBUNIT
article-3.36,article-3.37,HAS_SUBUNIT
article-3.37,article-3.38,HAS_SUBUNIT
article-3.38,article-3.39,HAS_SUBUNIT
article-3.39,article-3.40,HAS_SUBUNIT
article-3.40,article-3.41,HAS_SUBUNIT
article-3.41,article-3.42,HAS_SUBUNIT
article-3.42,article-3.43,HAS_SUBUNIT
article-3.43,article-3.44,HAS_SUBUNIT
article-3.44,article-3.45,HAS_SUBUNIT
article-3.45,article-3.45.a,HAS_SUBUNIT
article-3.45.a,article-3.45.a.b,HAS_SUBUNIT
article-3.45.a.b,article-3.46,HAS_SUBUNIT
article-3.46,article-3.47,HAS_SUBUNIT
article-3.47,article-3.48,HAS_SUBUNIT
article-3.48,article-3.49,HAS_SUBUNIT
article-3.49,article-3.49.a,HAS_SUBUNIT
article-3.49.a,article-3.49.a.b,HAS_SUBUNIT
article-3.49.a.b,article-3.49.a.b.c,HAS_SUBUNIT
article-3.49.a.b.c,article-3.49.a.b.c.d,HAS_SUBUNIT
article-3.49.a.b.c.d,article-3.50,HAS_SUBUNIT
article-3.50,article-3.51,HAS_SUBUNIT
article-3.51,article-3.52,HAS_SUBUNIT
article-3.52,article-3.53,HAS_SUBUNIT
article-3.53,article-3.54,HAS_SUBUNIT
article-3.54,article-3.55,HAS_SUBUNIT
article-3.55,article-3.56,HAS_SUBUNIT
article-3.56,article-3.57,HAS_SUBUNIT
article-3.57,article-3.58,HAS_SUBUNIT
article-3.58,article-3.59,HAS_SUBUNIT
article-3.59,article-3.60,HAS_SUBUNIT
article-3.60,article-3.61,HAS_SUBUNIT
article-3.61,article-3.61.a,HAS_SUBUNIT
article-3.61.a,article-3.61.a.i,HAS_SUBUNIT
article-3.61.a.i,article-3.61.a.i.ii,HAS_SUBUNIT
article-3.61.a.i.ii,article-3.61.a.i.ii.iii,HAS_SUBUNIT
article-3.61.a.i.ii.iii,article-3.61.a.i.ii.iii.b,HAS_SUBUNIT
article-3.61.a.i.ii.iii.b,article-3.62,HAS_SUBUNIT
article-3.62,article-3.63,HAS_SUBUNIT
article-3.63,article-3.64,HAS_SUBUNIT
article-3.64,article-3.65,HAS_SUBUNIT
article-3.65,article-3.66,HAS_SUBUNIT
article-3.66,article-3.67,HAS_SUBUNIT
article-3.67,article-3.68,HAS_SUBUNIT
article-30,article-30.1,HAS_SUBUNIT
article-30.1,article-30.2,HAS_SUBUNIT
article-30.2,article-30.3,HAS_SUBUNIT
article-30.3,article-30.4,HAS_SUBUNIT
article-30.4,article-30.5,HAS_SUBUNIT
article-31,article-31.1,HAS_SUBUNIT
article-31.1,article-31.2,HAS_SUBUNIT
article-31.2,article-31.3,HAS_SUBUNIT
article-31.3,article-31.4,HAS_SUBUNIT
article-31.4,article-31.5,HAS_SUBUNIT
article-31.5,article-31.6,HAS_SUBUNIT
article-31.6,article-31.7,HAS_SUBUNIT
article-31.7,article-31.8,HAS_SUBUNIT
article-31.8,article-31.9,HAS_SUBUNIT
article-31.9,article-31.10,HAS_SUBUNIT
article-31.10,article-31.11,HAS_SUBUNIT
article-31.11,article-31.12,HAS_SUBUNIT
article-33,article-33.1,HAS_SUBUNIT
article-33.1,article-33.2,HAS_SUBUNIT
article-33.2,article-33.3,HAS_SUBUNIT
article-33.3,article-33.4,HAS_SUBUNIT
article-34,article-34.1,HAS_SUBUNIT
article-34.1,article-34.2,HAS_SUBUNIT
article-34.2,article-34.3,HAS_SUBUNIT
article-35,article-35.1,HAS_SUBUNIT
article-35.1,article-35.2,HAS_SUBUNIT
article-36,article-36.1,HAS_SUBUNIT
article-36.1,article-36.2,HAS_SUBUNIT
article-36.2,article-36.3,HAS_SUBUNIT
article-36.3,article-36.4,HAS_SUBUNIT
article-36.4,article-36.5,HAS_SUBUNIT
article-36.5,article-36.6,HAS_SUBUNIT
article-36.6,article-36.7,HAS_SUBUNIT
article-36.7,article-36.7.a,HAS_SUBUNIT
article-36.7.a,article-36.7.a.b,HAS_SUBUNIT
article-36.7.a.b,article-36.7.a.b.c,HAS_SUBUNIT
article-36.7.a.b.c,article-36.7.a.b.c.d,HAS_SUBUNIT
article-36.7.a.b.c.d,article-36.7.a.b.c.d.e,HAS_SUBUNIT
article-36.7.a.b.c.d.e,article-36.8,HAS_SUBUNIT
article-36.8,article-36.8.a,HAS_SUBUNIT
article-36.8.a,article-36.8.a.b,HAS_SUBUNIT
article-36.8.a.b,article-36.9,HAS_SUBUNIT
article-36.9,article-36.9.a,HAS_SUBUNIT
article-36.9.a,article-36.9.a.b,HAS_SUBUNIT
article-37,article-37.1,HAS_SUBUNIT
article-37.1,article-37.2,HAS_SUBUNIT
article-37.2,article-37.3,HAS_SUBUNIT
article-37.3,article-37.4,HAS_SUBUNIT
article-38,article-38.1,HAS_SUBUNIT
article-38.1,article-38.2,HAS_SUBUNIT
article-38.2,article-38.3,HAS_SUBUNIT
article-4,article-4.1,HAS_SUBUNIT
article-4.1,article-4.2,HAS_SUBUNIT
article-4.2,article-4.3,HAS_SUBUNIT
article-40,article-40.1,HAS_SUBUNIT
article-40.1,article-40.2,HAS_SUBUNIT
article-40.2,article-40.3,HAS_SUBUNIT
article-41,article-41.1,HAS_SUBUNIT
article-41.1,article-41.1.a,HAS_SUBUNIT
article-41.1.a,article-41.1.a.i,HAS_SUBUNIT
article-41.1.a.i,article-41.1.a.i.ii,HAS_SUBUNIT
article-41.1.a.i.ii,article-41.1.a.i.ii.iii,HAS_SUBUNIT
article-41.1.a.i.ii.iii,article-41.1.a.i.ii.iii.iv,HAS_SUBUNIT
article-41.1.a.i.ii.iii.iv,article-41.1.a.i.ii.iii.iv.b,HAS_SUBUNIT
article-41.1.a.i.ii.iii.iv.b,article-41.2,HAS_SUBUNIT
article-41.2,article-41.3,HAS_SUBUNIT
article-41.3,article-41.4,HAS_SUBUNIT
article-41.4,article-41.5,HAS_SUBUNIT
article-41.5,article-41.6,HAS_SUBUNIT
article-42,article-42.1,HAS_SUBUNIT
article-42.1,article-42.2,HAS_SUBUNIT
article-42.2,article-42.3,HAS_SUBUNIT
article-43,article-43.1,HAS_SUBUNIT
article-43.1,article-43.1.a,HAS_SUBUNIT
article-43.1.a,article-43.1.a.b,HAS_SUBUNIT
article-43.1.a.b,article-43.a,HAS_SUBUNIT
article-43.a,article-43.b,HAS_SUBUNIT
article-43.b,article-43.c,HAS_SUBUNIT
article-43.c,article-43.d,HAS_SUBUNIT
article-43.d,article-43.2,HAS_SUBUNIT
article-43.2,article-43.3,HAS_SUBUNIT
article-43.3,article-43.4,HAS_SUBUNIT
article-43.4,article-43.5,HAS_SUBUNIT
article-43.5,article-43.6,HAS_SUBUNIT
article-44,article-44.1,HAS_SUBUNIT
article-44.1,article-44.2,HAS_SUBUNIT
article-44.2,article-44.3,HAS_SUBUNIT
article-45,article-45.1,HAS_SUBUNIT
article-45.1,article-45.1.a,HAS_SUBUNIT
article-45.1.a,article-45.1.a.b,HAS_SUBUNIT
article-45.1.a.b,article-45.1.a.b.c,HAS_SUBUNIT
article-45.1.a.b.c,article-45.1.a.b.c.d,HAS_SUBUNIT
article-45.1.a.b.c.d,article-45.1.a.b.c.d.e,HAS_SUBUNIT
article-45.1.a.b.c.d.e,article-45.2,HAS_SUBUNIT
article-45.2,article-45.2.a,HAS_SUBUNIT
article-45.2.a,article-45.2.a.b,HAS_SUBUNIT
article-45.2.a.b,article-45.3,HAS_SUBUNIT
article-45.3,article-45.4,HAS_SUBUNIT
article-46,article-46.1,HAS_SUBUNIT
article-46.1,article-46.2,HAS_SUBUNIT
article-46.2,article-46.3,HAS_SUBUNIT
article-46.3,article-46.4,HAS_SUBUNIT
article-46.4,article-46.5,HAS_SUBUNIT
article-46.5,article-46.6,HAS_SUBUNIT
article-46.6,article-46.7,HAS_SUBUNIT
article-47,article-47.1,HAS_SUBUNIT
article-47.1,article-47.2,HAS_SUBUNIT
article-47.2,article-47.3,HAS_SUBUNIT
article-47.3,article-47.4,HAS_SUBUNIT
article-47.4,article-47.5,HAS_SUBUNIT
article-48,article-48.1,HAS_SUBUNIT
article-48.1,article-48.2,HAS_SUBUNIT
article-48.2,article-48.3,HAS_SUBUNIT
article-48.3,article-48.4,HAS_SUBUNIT
article-48.4,article-48.5,HAS_SUBUNIT
article-49,article-49.1,HAS_SUBUNIT
article-49.1,article-49.2,HAS_SUBUNIT
article-49.2,article-49.3,HAS_SUBUNIT
article-49.3,article-49.4,HAS_SUBUNIT
article-49.4,article-49.4.a,HAS_SUBUNIT
article-49.4.a,article-49.4.a.b,HAS_SUBUNIT
article-49.4.a.b,article-49.4.a.b.c,HAS_SUBUNIT
article-49.4.a.b.c,article-49.4.a.b.c.d,HAS_SUBUNIT
article-49.4.a.b.c.d,article-49.5,HAS_SUBUNIT
article-5,article-5.1,HAS_SUBUNIT
article-5.1,article-5.1.a,HAS_SUBUNIT
article-5.1.a,article-5.1.a.b,HAS_SUBUNIT
article-5.1.a.b,article-5.1.a.b.ba,HAS_SUBUNIT
article-5.1.a.b.ba,article-5.1.a.b.ba.bb,HAS_SUBUNIT
article-5.1.a.b.ba.bb,article-5.1.a.b.ba.bb.c,HAS_SUBUNIT
article-5.1.a.b.ba.bb.c,article-5.1.a.b.ba.bb.c.i,HAS_SUBUNIT
article-5.1.a.b.ba.bb.c.i,article-5.1.a.b.ba.bb.c.i.ii,HAS_SUBUNIT
article-5.1.a.b.ba.bb.c.i.ii,article-5.1.a.b.ba.bb.c.i.ii.d,HAS_SUBUNIT
article-5.1.a.b.ba.bb.c.i.ii.d,article-5.1.a.b.ba.bb.c.i.ii.d.e,HAS_SUBUNIT
article-5.1.a.b.ba.bb.c.i.ii.d.e,article-5.1.a.b.ba.bb.c.i.ii.d.e.f,HAS_SUBUNIT
article-5.1.a.b.ba.bb.c.i.ii.d.e.f,article-5.1.a.b.ba.bb.c.i.ii.d.e.f.g,HAS_SUBUNIT
article-5.1.a.b.ba.bb.c.i.ii.d.e.f.g,article-5.1.a.b.ba.bb.c.i.ii.d.e.f.g.h,HAS_SUBUNIT
article-5.1.a.b.ba.bb.c.i.ii.d.e.f.g.h,article-5.1.a.b.ba.bb.c.i.ii.d.e.f.g.h.i,HAS_SUBUNIT
article-5.1.a.b.ba.bb.c.i.ii.d.e.f.g.h.i,article-5.1.a.b.ba.bb.c.i.ii.d.e.f.g.h.i.ii,HAS_SUBUNIT
article-5.1.a.b.ba.bb.c.i.ii.d.e.f.g.h.i.ii,article-5.1.a.b.ba.bb.c.i.ii.d.e.f.g.h.i.ii.iii,HAS_SUBUNIT
article-5.1.a.b.ba.bb.c.i.ii.d.e.f.g.h.i.ii.iii,article-5.1a,HAS_SUBUNIT
article-5.1a,article-5.1a.a,HAS_SUBUNIT
article-5.1a.a,article-5.1a.a.i,HAS_SUBUNIT
article-5.1a.a.i,article-5.1a.a.i.ii,HAS_SUBUNIT
article-5.1a.a.i.ii,article-5.1a.a.i.ii.b,HAS_SUBUNIT
article-5.1a.a.i.ii.b,article-5.1b,HAS_SUBUNIT
article-5.1b,article-5.2,HAS_SUBUNIT
article-5.2,article-5.2.a,HAS_SUBUNIT
article-5.2.a,article-5.2.a.b,HAS_SUBUNIT
article-5.2.a.b,article-5.3,HAS_SUBUNIT
article-5.3,article-5.4,HAS_SUBUNIT
article-5.4,article-5.5,HAS_SUBUNIT
article-5.5,article-5.6,HAS_SUBUNIT
article-5.6,article-5.7,HAS_SUBUNIT
article-5.7,article-5.8,HAS_SUBUNIT
article-50,article-50.1,HAS_SUBUNIT
article-50.1,article-50.2,HAS_SUBUNIT
article-50.2,article-50.3,HAS_SUBUNIT
article-50.3,article-50.4,HAS_SUBUNIT
article-50.4,article-50.5,HAS_SUBUNIT
article-50.5,article-50.6,HAS_SUBUNIT
article-50.6,article-50.7,HAS_SUBUNIT
article-51,article-51.1,HAS_SUBUNIT
article-51.1,article-51.1.a,HAS_SUBUNIT
article-51.1.a,article-51.1.a.b,HAS_SUBUNIT
article-51.1.a.b,article-51.2,HAS_SUBUNIT
article-51.2,article-51.3,HAS_SUBUNIT
article-52,article-52.1,HAS_SUBUNIT
article-52.1,article-52.2,HAS_SUBUNIT
article-52.2,article-52.3,HAS_SUBUNIT
article-52.3,article-52.4,HAS_SUBUNIT
article-52.4,article-52.5,HAS_SUBUNIT
article-52.5,article-52.6,HAS_SUBUNIT
article-53,article-53.1,HAS_SUBUNIT
article-53.1,article-53.1.a,HAS_SUBUNIT
article-53.1.a,article-53.1.a.b,HAS_SUBUNIT
article-53.1.a.b,article-53.1.a.b.i,HAS_SUBUNIT
article-53.1.a.b.i,article-53.1.a.b.i.ii,HAS_SUBUNIT
article-53.1.a.b.i.ii,article-53.1.a.b.i.ii.c,HAS_SUBUNIT
article-53.1.a.b.i.ii.c,article-53.1.a.b.i.ii.c.d,HAS_SUBUNIT
article-53.1.a.b.i.ii.c.d,article-53.2,HAS_SUBUNIT
article-53.2,article-53.3,HAS_SUBUNIT
article-53.3,article-53.4,HAS_SUBUNIT
article-53.4,article-53.5,HAS_SUBUNIT
article-53.5,article-53.6,HAS_SUBUNIT
article-53.6,article-53.7,HAS_SUBUNIT
article-54,article-54.1,HAS_SUBUNIT
article-54.1,article-54.2,HAS_SUBUNIT
article-54.2,article-54.3,HAS_SUBUNIT
article-54.3,article-54.3.a,HAS_SUBUNIT
article-54.3.a,article-54.3.a.b,HAS_SUBUNIT
article-54.3.a.b,article-54.3.a.b.c,HAS_SUBUNIT
article-54.3.a.b.c,article-54.3.a.b.c.d,HAS_SUBUNIT
article-54.3.a.b.c.d,article-54.4,HAS_SUBUNIT
article-54.4,article-54.5,HAS_SUBUNIT
article-54.5,article-54.6,HAS_SUBUNIT
article-55,article-55.1,HAS_SUBUNIT
article-55.1,article-55.1.a,HAS_SUBUNIT
article-55.1.a,article-55.1.a.b,HAS_SUBUNIT
article-55.1.a.b,article-55.1.a.b.c,HAS_SUBUNIT
article-55.1.a.b.c,article-55.1.a.b.c.d,HAS_SUBUNIT
article-55.1.a.b.c.d,article-55.2,HAS_SUBUNIT
article-55.2,article-55.3,HAS_SUBUNIT
article-56,article-56.1,HAS_SUBUNIT
article-56.1,article-56.2,HAS_SUBUNIT
article-56.2,article-56.2.a,HAS_SUBUNIT
article-56.2.a,article-56.2.a.b,HAS_SUBUNIT
article-56.2.a.b,article-56.2.a.b.c,HAS_SUBUNIT
article-56.2.a.b.c,article-56.2.a.b.c.d,HAS_SUBUNIT
article-56.2.a.b.c.d,article-56.3,HAS_SUBUNIT
article-56.3,article-56.4,HAS_SUBUNIT
article-56.4,article-56.5,HAS_SUBUNIT
article-56.5,article-56.6,HAS_SUBUNIT
article-56.6,article-56.7,HAS_SUBUNIT
article-56.7,article-56.8,HAS_SUBUNIT
article-56.8,article-56.9,HAS_SUBUNIT
article-57,article-57.1,HAS_SUBUNIT
article-57.1,article-57.2,HAS_SUBUNIT
article-57.2,article-57.3,HAS_SUBUNIT
article-57.3,article-57.3a,HAS_SUBUNIT
article-57.3a,article-57.4,HAS_SUBUNIT
article-57.4,article-57.5,HAS_SUBUNIT
article-57.5,article-57.6,HAS_SUBUNIT
article-57.6,article-57.7,HAS_SUBUNIT
article-57.7,article-57.8,HAS_SUBUNIT
article-57.8,article-57.9,HAS_SUBUNIT
article-57.9,article-57.9.a,HAS_SUBUNIT
article-57.9.a,article-57.9.a.b,HAS_SUBUNIT
article-57.9.a.b,article-57.9.a.b.c,HAS_SUBUNIT
article-57.9.a.b.c,article-57.9.a.b.c.d,HAS_SUBUNIT
article-57.9.a.b.c.d,article-57.9.a.b.c.d.e,HAS_SUBUNIT
article-57.9.a.b.c.d.e,article-57.10,HAS_SUBUNIT
article-57.10,article-57.11,HAS_SUBUNIT
article-57.11,article-57.12,HAS_SUBUNIT
article-57.12,article-57.13,HAS_SUBUNIT
article-57.13,article-57.14,HAS_SUBUNIT
article-57.14,article-57.15,HAS_SUBUNIT
article-57.15,article-57.16,HAS_SUBUNIT
article-57.16,article-57.17,HAS_SUBUNIT
article-58,article-58.1,HAS_SUBUNIT
article-58.1,article-58.1.a,HAS_SUBUNIT
article-58.1.a,article-58.1.a.b,HAS_SUBUNIT
article-58.1.a.b,article-58.1.a.b.c,HAS_SUBUNIT
article-58.1.a.b.c,article-58.1.a.b.c.d,HAS_SUBUNIT
article-58.1.a.b.c.d,article-58.2,HAS_SUBUNIT
article-58.2,article-58.2.a,HAS_SUBUNIT
article-58.2.a,article-58.2.a.b,HAS_SUBUNIT
article-58.2.a.b,article-58.2.a.b.c,HAS_SUBUNIT
article-58.2.a.b.c,article-58.2.a.b.c.d,HAS_SUBUNIT
article-58.2.a.b.c.d,article-58.2.a.b.c.d.e,HAS_SUBUNIT
article-58.2.a.b.c.d.e,article-58.2.a.b.c.d.e.f,HAS_SUBUNIT
article-58.2.a.b.c.d.e.f,article-58.2.a.b.c.d.e.f.g,HAS_SUBUNIT
article-58.2.a.b.c.d.e.f.g,article-58.2.a.b.c.d.e.f.g.h,HAS_SUBUNIT
article-58.2.a.b.c.d.e.f.g.h,article-58.2.a.b.c.d.e.f.g.h.i,HAS_SUBUNIT
article-58.2.a.b.c.d.e.f.g.h.i,article-58.3,HAS_SUBUNIT
article-58.3,article-58.4,HAS_SUBUNIT
article-59,article-59.1,HAS_SUBUNIT
article-59.1,article-59.1.a,HAS_SUBUNIT
article-59.1.a,article-59.1.a.i,HAS_SUBUNIT
article-59.1.a.i,article-59.1.a.i.ii,HAS_SUBUNIT
article-59.1.a.i.ii,article-59.1.a.i.ii.iii,HAS_SUBUNIT
article-59.1.a.i.ii.iii,article-59.1.a.i.ii.iii.iv,HAS_SUBUNIT
article-59.1.a.i.ii.iii.iv,article-59.1.a.i.ii.iii.iv.v,HAS_SUBUNIT
article-59.1.a.i.ii.iii.iv.v,article-59.1.a.i.ii.iii.iv.v.b,HAS_SUBUNIT
article-59.1.a.i.ii.iii.iv.v.b,article-59.1.a.i.ii.iii.iv.v.b.c,HAS_SUBUNIT
article-59.1.a.i.ii.iii.iv.v.b.c,article-59.1.a.i.ii.iii.iv.v.b.c.d,HAS_SUBUNIT
article-59.1.a.i.ii.iii.iv.v.b.c.d,article-59.1.a.i.ii.iii.iv.v.b.c.d.e,HAS_SUBUNIT
article-59.1.a.i.ii.iii.iv.v.b.c.d.e,article-59.1.a.i.ii.iii.iv.v.b.c.d.e.f,HAS_SUBUNIT
article-59.1.a.i.ii.iii.iv.v.b.c.d.e.f,article-59.1.a.i.ii.iii.iv.v.b.c.d.e.f.g,HAS_SUBUNIT
article-59.1.a.i.ii.iii.iv.v.b.c.d.e.f.g,article-59.1.a.i.ii.iii.iv.v.b.c.d.e.f.g.h,HAS_SUBUNIT
article-59.1.a.i.ii.iii.iv.v.b.c.d.e.f.g.h,article-59.1.a.i.ii.iii.iv.v.b.c.d.e.f.g.h.i,HAS_SUBUNIT
article-59.1.a.i.ii.iii.iv.v.b.c.d.e.f.g.h.i,article-59.1.a.i.ii.iii.iv.v.b.c.d.e.f.g.h.i.j,HAS_SUBUNIT
article-59.1.a.i.ii.iii.iv.v.b.c.d.e.f.g.h.i.j,article-59.2,HAS_SUBUNIT
article-59.2,article-59.3,HAS_SUBUNIT
article-6,article-6.1,HAS_SUBUNIT
article-6.1,article-6.1.a,HAS_SUBUNIT
article-6.1.a,article-6.1.a.b,HAS_SUBUNIT
article-6.1.a.b,article-6.1a,HAS_SUBUNIT
article-6.1a,article-6.1b,HAS_SUBUNIT
article-6.1b,article-6.1c,HAS_SUBUNIT
article-6.1c,article-6.2,HAS_SUBUNIT
article-6.2,article-6.3,HAS_SUBUNIT
article-6.3,article-6.a,HAS_SUBUNIT
article-6.a,article-6.b,HAS_SUBUNIT
article-6.b,article-6.c,HAS_SUBUNIT
article-6.c,article-6.d,HAS_SUBUNIT
article-6.d,article-6.4,HAS_SUBUNIT
article-6.4,article-6.5,HAS_SUBUNIT
article-6.5,article-6.6,HAS_SUBUNIT
article-6.6,article-6.7,HAS_SUBUNIT
article-6.7,article-6.8,HAS_SUBUNIT
article-60,article-60.1,HAS_SUBUNIT
article-60.1,article-60.2,HAS_SUBUNIT
article-60.2,article-60.3,HAS_SUBUNIT
article-60.3,article-60.4,HAS_SUBUNIT
article-60.4,article-60.4.a,HAS_SUBUNIT
article-60.4.a,article-60.4.a.b,HAS_SUBUNIT
article-60.4.a.b,article-60.4.a.b.c,HAS_SUBUNIT
article-60.4.a.b.c,article-60.4.a.b.c.d,HAS_SUBUNIT
article-60.4.a.b.c.d,article-60.4.a.b.c.d.e,HAS_SUBUNIT
article-60.4.a.b.c.d.e,article-60.4.a.b.c.d.e.f,HAS_SUBUNIT
article-60.4.a.b.c.d.e.f,article-60.4.a.b.c.d.e.f.g,HAS_SUBUNIT
article-60.4.a.b.c.d.e.f.g,article-60.4.a.b.c.d.e.f.g.h,HAS_SUBUNIT
article-60.4.a.b.c.d.e.f.g.h,article-60.4.a.b.c.d.e.f.g.h.i,HAS_SUBUNIT
article-60.4.a.b.c.d.e.f.g.h.i,article-60.4.a.b.c.d.e.f.g.h.i.j,HAS_SUBUNIT
article-60.4.a.b.c.d.e.f.g.h.i.j,article-60.4.a.b.c.d.e.f.g.h.i.j.k,HAS_SUBUNIT
article-60.4.a.b.c.d.e.f.g.h.i.j.k,article-60.5,HAS_SUBUNIT
article-60.5,article-60.6,HAS_SUBUNIT
article-60.6,article-60.7,HAS_SUBUNIT
article-60.7,article-60.8,HAS_SUBUNIT
article-60.8,article-60.9,HAS_SUBUNIT
article-61,article-61.1,HAS_SUBUNIT
article-61.1,article-61.1.a,HAS_SUBUNIT
article-61.1.a,article-61.1.a.b,HAS_SUBUNIT
article-61.1.a.b,article-61.1.a.b.c,HAS_SUBUNIT
article-61.1.a.b.c,article-61.1.a.b.c.d,HAS_SUBUNIT
article-61.1.a.b.c.d,article-61.1.a.b.c.d.e,HAS_SUBUNIT
article-61.1.a.b.c.d.e,article-61.2,HAS_SUBUNIT
article-62,article-62.1,HAS_SUBUNIT
article-62.1,article-62.1.a,HAS_SUBUNIT
article-62.1.a,article-62.1.a.b,HAS_SUBUNIT
article-62.1.a.b,article-62.1.a.b.c,HAS_SUBUNIT
article-62.1.a.b.c,article-62.1.a.b.c.d,HAS_SUBUNIT
article-62.1.a.b.c.d,article-62.2,HAS_SUBUNIT
article-62.2,article-62.3,HAS_SUBUNIT
article-62.3,article-62.3.a,HAS_SUBUNIT
article-62.3.a,article-62.3.a.b,HAS_SUBUNIT
article-62.3.a.b,article-62.3.a.b.c,HAS_SUBUNIT
article-62.3.a.b.c,article-62.3.a.b.c.d,HAS_SUBUNIT
article-63,article-63.1,HAS_SUBUNIT
article-63.1,article-63.2,HAS_SUBUNIT
article-64,article-64.1,HAS_SUBUNIT
article-64.1,article-64.2,HAS_SUBUNIT
article-64.2,article-64.3,HAS_SUBUNIT
article-65,article-65.1,HAS_SUBUNIT
article-65.1,article-65.2,HAS_SUBUNIT
article-65.2,article-65.3,HAS_SUBUNIT
article-65.3,article-65.4,HAS_SUBUNIT
article-65.4,article-65.4.a,HAS_SUBUNIT
article-65.4.a,article-65.4.a.b,HAS_SUBUNIT
article-65.4.a.b,article-65.4.a.b.c,HAS_SUBUNIT
article-65.4.a.b.c,article-65.5,HAS_SUBUNIT
article-65.5,article-65.6,HAS_SUBUNIT
article-65.6,article-65.7,HAS_SUBUNIT
article-65.7,article-65.8,HAS_SUBUNIT
article-66,article-66.a,HAS_SUBUNIT
article-66.a,article-66.b,HAS_SUBUNIT
article-66.b,article-66.c,HAS_SUBUNIT
article-66.c,article-66.d,HAS_SUBUNIT
article-66.d,article-66.e,HAS_SUBUNIT
article-66.e,article-66.e.i,HAS_SUBUNIT
article-66.e.i,article-66.e.i.ii,HAS_SUBUNIT
article-66.e.i.ii,article-66.e.i.ii.iii,HAS_SUBUNIT
article-66.e.i.ii.iii,article-66.e.i.ii.iii.iv,HAS_SUBUNIT
article-66.e.i.ii.iii.iv,article-66.e.i.ii.iii.iv.v,HAS_SUBUNIT
article-66.e.i.ii.iii.iv.v,article-66.e.i.ii.iii.iv.v.vi,HAS_SUBUNIT
article-66.e.i.ii.iii.iv.v.vi,article-66.e.i.ii.iii.iv.v.vi.vii,HAS_SUBUNIT
article-66.e.i.ii.iii.iv.v.vi.vii,article-66.f,HAS_SUBUNIT
article-66.f,article-66.g,HAS_SUBUNIT
article-66.g,article-66.h,HAS_SUBUNIT
article-66.h,article-66.i,HAS_SUBUNIT
article-66.i,article-66.j,HAS_SUBUNIT
article-66.j,article-66.k,HAS_SUBUNIT
article-66.k,article-66.l,HAS_SUBUNIT
article-66.l,article-66.m,HAS_SUBUNIT
article-66.m,article-66.n,HAS_SUBUNIT
article-66.n,article-66.o,HAS_SUBUNIT
article-67,article-67.1,HAS_SUBUNIT
article-67.1,article-67.2,HAS_SUBUNIT
article-67.2,article-67.3,HAS_SUBUNIT
article-67.3,article-67.4,HAS_SUBUNIT
article-67.4,article-67.5,HAS_SUBUNIT
article-67.5,article-67.6,HAS_SUBUNIT
article-67.6,article-67.7,HAS_SUBUNIT
article-67.7,article-67.8,HAS_SUBUNIT
article-67.8,article-67.9,HAS_SUBUNIT
article-67.9,article-67.10,HAS_SUBUNIT
article-68,article-68.1,HAS_SUBUNIT
article-68.1,article-68.2,HAS_SUBUNIT
article-68.2,article-68.2.a,HAS_SUBUNIT
article-68.2.a,article-68.2.a.b,HAS_SUBUNIT
article-68.2.a.b,article-68.2.a.b.c,HAS_SUBUNIT
article-68.2.a.b.c,article-68.3,HAS_SUBUNIT
article-68.3,article-68.3.a,HAS_SUBUNIT
article-68.3.a,article-68.3.a.i,HAS_SUBUNIT
article-68.3.a.i,article-68.3.a.i.ii,HAS_SUBUNIT
article-68.3.a.i.ii,article-68.3.a.i.ii.iii,HAS_SUBUNIT
article-68.3.a.i.ii.iii,article-68.3.a.i.ii.iii.iv,HAS_SUBUNIT
article-68.3.a.i.ii.iii.iv,article-68.3.a.i.ii.iii.iv.v,HAS_SUBUNIT
article-68.3.a.i.ii.iii.iv.v,article-68.3.a.i.ii.iii.iv.v.b,HAS_SUBUNIT
article-68.3.a.i.ii.iii.iv.v.b,article-68.3.a.i.ii.iii.iv.v.b.c,HAS_SUBUNIT
article-68.3.a.i.ii.iii.iv.v.b.c,article-68.3.a.i.ii.iii.iv.v.b.c.d,HAS_SUBUNIT
article-68.3.a.i.ii.iii.iv.v.b.c.d,article-68.4,HAS_SUBUNIT
article-68.4,article-68.5,HAS_SUBUNIT
article-69,article-69.1,HAS_SUBUNIT
article-69.1,article-69.2,HAS_SUBUNIT
article-69.2,article-69.3,HAS_SUBUNIT
article-7,article-7.1,HAS_SUBUNIT
article-7.1,article-7.1.a,HAS_SUBUNIT
article-7.1.a,article-7.1.a.b,HAS_SUBUNIT
article-7.1.a.b,article-7.2,HAS_SUBUNIT
article-7.2,article-7.2.a,HAS_SUBUNIT
article-7.2.a,article-7.2.a.b,HAS_SUBUNIT
article-7.2.a.b,article-7.2.a.b.c,HAS_SUBUNIT
article-7.2.a.b.c,article-7.2.a.b.c.d,HAS_SUBUNIT
article-7.2.a.b.c.d,article-7.2.a.b.c.d.e,HAS_SUBUNIT
article-7.2.a.b.c.d.e,article-7.2.a.b.c.d.e.f,HAS_SUBUNIT
article-7.2.a.b.c.d.e.f,article-7.2.a.b.c.d.e.f.g,HAS_SUBUNIT
article-7.2.a.b.c.d.e.f.g,article-7.2.a.b.c.d.e.f.g.h,HAS_SUBUNIT
article-7.2.a.b.c.d.e.f.g.h,article-7.2.a.b.c.d.e.f.g.h.i,HAS_SUBUNIT
article-7.2.a.b.c.d.e.f.g.h.i,article-7.2.a.b.c.d.e.f.g.h.i.j,HAS_SUBUNIT
article-7.2.a.b.c.d.e.f.g.h.i.j,article-7.2.a.b.c.d.e.f.g.h.i.j.k,HAS_SUBUNIT
article-7.2.a.b.c.d.e.f.g.h.i.j.k,article-7.2.a.b.c.d.e.f.g.h.i.j.k.i,HAS_SUBUNIT
article-7.2.a.b.c.d.e.f.g.h.i.j.k.i,article-7.2.a.b.c.d.e.f.g.h.i.j.k.i.ii,HAS_SUBUNIT
article-7.2.a.b.c.d.e.f.g.h.i.j.k.i.ii,article-7.3,HAS_SUBUNIT
article-7.3,article-7.3.a,HAS_SUBUNIT
article-7.3.a,article-7.3.a.b,HAS_SUBUNIT
article-70,article-70.1,HAS_SUBUNIT
article-70.1,article-70.2,HAS_SUBUNIT
article-70.2,article-70.3,HAS_SUBUNIT
article-70.3,article-70.4,HAS_SUBUNIT
article-70.4,article-70.5,HAS_SUBUNIT
article-70.5,article-70.6,HAS_SUBUNIT
article-70.6,article-70.7,HAS_SUBUNIT
article-70.7,article-70.8,HAS_SUBUNIT
article-70.8,article-70.9,HAS_SUBUNIT
article-71,article-71.1,HAS_SUBUNIT
article-71.1,article-71.2,HAS_SUBUNIT
article-71.2,article-71.3,HAS_SUBUNIT
article-71.3,article-71.4,HAS_SUBUNIT
article-71.4,article-71.5,HAS_SUBUNIT
article-71.5,article-71.6,HAS_SUBUNIT
article-72,article-72.1,HAS_SUBUNIT
article-72.1,article-72.2,HAS_SUBUNIT
article-72.2,article-72.3,HAS_SUBUNIT
article-72.3,article-72.4,HAS_SUBUNIT
article-73,article-73.1,HAS_SUBUNIT
article-73.1,article-73.2,HAS_SUBUNIT
article-73.2,article-73.3,HAS_SUBUNIT
article-73.3,article-73.4,HAS_SUBUNIT
article-73.4,article-73.5,HAS_SUBUNIT
article-73.5,article-73.6,HAS_SUBUNIT
article-73.6,article-73.7,HAS_SUBUNIT
article-73.7,article-73.8,HAS_SUBUNIT
article-73.8,article-73.9,HAS_SUBUNIT
article-73.9,article-73.10,HAS_SUBUNIT
article-73.10,article-73.11,HAS_SUBUNIT
article-74,article-74.1,HAS_SUBUNIT
article-74.1,article-74.1.a,HAS_SUBUNIT
article-74.1.a,article-74.1.a.b,HAS_SUBUNIT
article-74.1.a.b,article-74.2,HAS_SUBUNIT
article-74.2,article-74.3,HAS_SUBUNIT
article-74.3,article-74.4,HAS_SUBUNIT
article-74.4,article-74.5,HAS_SUBUNIT
article-74.5,article-74.6,HAS_SUBUNIT
article-74.6,article-74.7,HAS_SUBUNIT
article-74.7,article-74.8,HAS_SUBUNIT
article-74.8,article-74.9,HAS_SUBUNIT
article-74.9,article-74.10,HAS_SUBUNIT
article-74.10,article-74.11,HAS_SUBUNIT
article-74.11,article-74.12,HAS_SUBUNIT
article-74.12,article-74.13,HAS_SUBUNIT
article-74.13,article-74.13.a,HAS_SUBUNIT
article-74.13.a,article-74.13.a.b,HAS_SUBUNIT
article-74.13.a.b,article-74.14,HAS_SUBUNIT
article-75,article-75.1,HAS_SUBUNIT
article-75.1,article-75.1.a,HAS_SUBUNIT
article-75.1.a,article-75.1.a.i,HAS_SUBUNIT
article-75.1.a.i,article-75.1.a.i.ii,HAS_SUBUNIT
article-75.1.a.i.ii,article-75.1.a.i.ii.iii,HAS_SUBUNIT
article-75.1.a.i.ii.iii,article-75.1.a.i.ii.iii.iv,HAS_SUBUNIT
article-75.1.a.i.ii.iii.iv,article-75.1.a.i.ii.iii.iv.b,HAS_SUBUNIT
article-75.1.a.i.ii.iii.iv.b,article-75.1a,HAS_SUBUNIT
article-75.1a,article-75.1b,HAS_SUBUNIT
article-75.1b,article-75.1c,HAS_SUBUNIT
article-75.1c,article-75.1d,HAS_SUBUNIT
article-75.1d,article-75.1e,HAS_SUBUNIT
article-75.1e,article-75.2,HAS_SUBUNIT
article-75.2,article-75.2a,HAS_SUBUNIT
article-75.2a,article-75.2a.a,HAS_SUBUNIT
article-75.2a.a,article-75.2a.a.b,HAS_SUBUNIT
article-75.2a.a.b,article-75.2a.a.b.c,HAS_SUBUNIT
article-75.2a.a.b.c,article-75.3,HAS_SUBUNIT
article-76,article-76.1,HAS_SUBUNIT
article-76.1,article-76.2,HAS_SUBUNIT
article-76.2,article-76.3,HAS_SUBUNIT
article-76.3,article-76.3.a,HAS_SUBUNIT
article-76.3.a,article-76.3.a.b,HAS_SUBUNIT
article-76.3.a.b,article-76.4,HAS_SUBUNIT
article-76.4,article-76.5,HAS_SUBUNIT
article-77,article-77.1,HAS_SUBUNIT
article-77.1,article-77.1a,HAS_SUBUNIT
article-77.1a,article-77.1b,HAS_SUBUNIT
article-77.1b,article-77.2,HAS_SUBUNIT
article-77.2,article-77.3,HAS_SUBUNIT
article-77.3,article-77.4,HAS_SUBUNIT
article-78,article-78.1,HAS_SUBUNIT
article-78.1,article-78.1.a,HAS_SUBUNIT
article-78.1.a,article-78.1.a.b,HAS_SUBUNIT
article-78.1.a.b,article-78.1.a.b.c,HAS_SUBUNIT
article-78.1.a.b.c,article-78.1.a.b.c.d,HAS_SUBUNIT
article-78.1.a.b.c.d,article-78.1.a.b.c.d.e,HAS_SUBUNIT
article-78.1.a.b.c.d.e,article-78.2,HAS_SUBUNIT
article-78.2,article-78.3,HAS_SUBUNIT
article-78.3,article-78.4,HAS_SUBUNIT
article-78.4,article-78.5,HAS_SUBUNIT
article-79,article-79.1,HAS_SUBUNIT
article-79.1,article-79.2,HAS_SUBUNIT
article-79.2,article-79.3,HAS_SUBUNIT
article-79.3,article-79.4,HAS_SUBUNIT
article-79.4,article-79.5,HAS_SUBUNIT
article-79.5,article-79.6,HAS_SUBUNIT
article-79.6,article-79.6.a,HAS_SUBUNIT
article-79.6.a,article-79.6.a.b,HAS_SUBUNIT
article-79.6.a.b,article-79.6.a.b.c,HAS_SUBUNIT
article-79.6.a.b.c,article-79.6.a.b.c.d,HAS_SUBUNIT
article-79.6.a.b.c.d,article-79.7,HAS_SUBUNIT
article-79.7,article-79.8,HAS_SUBUNIT
article-79.8,article-79.9,HAS_SUBUNIT
article-8,article-8.1,HAS_SUBUNIT
article-8.1,article-8.2,HAS_SUBUNIT
article-80,article-80.1,HAS_SUBUNIT
article-80.1,article-80.2,HAS_SUBUNIT
article-80.2,article-80.3,HAS_SUBUNIT
article-80.3,article-80.4,HAS_SUBUNIT
article-80.4,article-80.5,HAS_SUBUNIT
article-80.5,article-80.6,HAS_SUBUNIT
article-80.6,article-80.7,HAS_SUBUNIT
article-80.7,article-80.8,HAS_SUBUNIT
article-81,article-81.1,HAS_SUBUNIT
article-81.1,article-81.2,HAS_SUBUNIT
article-81.2,article-81.3,HAS_SUBUNIT
article-82,article-82.1,HAS_SUBUNIT
article-82.1,article-82.2,HAS_SUBUNIT
article-82.2,article-82.3,HAS_SUBUNIT
article-82.3,article-82.4,HAS_SUBUNIT
article-82.4,article-82.5,HAS_SUBUNIT
article-83,article-83.1,HAS_SUBUNIT
article-83.1,article-83.1.a,HAS_SUBUNIT
article-83.1.a,article-83.1.a.b,HAS_SUBUNIT
article-83.1.a.b,article-83.1.a.b.c,HAS_SUBUNIT
article-83.1.a.b.c,article-83.1.a.b.c.d,HAS_SUBUNIT
article-83.1.a.b.c.d,article-83.1.a.b.c.d.e,HAS_SUBUNIT
article-83.1.a.b.c.d.e,article-83.1.a.b.c.d.e.f,HAS_SUBUNIT
article-83.1.a.b.c.d.e.f,article-83.1.a.b.c.d.e.f.g,HAS_SUBUNIT
article-83.1.a.b.c.d.e.f.g,article-83.2,HAS_SUBUNIT
article-84,article-84.1,HAS_SUBUNIT
article-84.1,article-84.2,HAS_SUBUNIT
article-86,article-86.1,HAS_SUBUNIT
article-86.1,article-86.2,HAS_SUBUNIT
article-86.2,article-86.3,HAS_SUBUNIT
article-88,article-88.1,HAS_SUBUNIT
article-88.1,article-88.2,HAS_SUBUNIT
article-89,article-89.1,HAS_SUBUNIT
article-89.1,article-89.2,HAS_SUBUNIT
article-89.2,article-89.2.a,HAS_SUBUNIT
article-89.2.a,article-89.2.a.b,HAS_SUBUNIT
article-89.2.a.b,article-89.2.a.b.c,HAS_SUBUNIT
article-9,article-9.1,HAS_SUBUNIT
article-9.1,article-9.2,HAS_SUBUNIT
article-9.2,article-9.2.a,HAS_SUBUNIT
article-9.2.a,article-9.2.a.b,HAS_SUBUNIT
article-9.2.a.b,article-9.2.a.b.c,HAS_SUBUNIT
article-9.2.a.b.c,article-9.2.a.b.c.d,HAS_SUBUNIT
article-9.2.a.b.c.d,article-9.3,HAS_SUBUNIT
article-9.3,article-9.4,HAS_SUBUNIT
article-9.4,article-9.5,HAS_SUBUNIT
article-9.5,article-9.a,HAS_SUBUNIT
article-9.a,article-9.b,HAS_SUBUNIT
article-9.b,article-9.c,HAS_SUBUNIT
article-9.c,article-9.6,HAS_SUBUNIT
article-9.6,article-9.7,HAS_SUBUNIT
article-9.7,article-9.8,HAS_SUBUNIT
article-9.8,article-9.9,HAS_SUBUNIT
article-9.9,article-9.10,HAS_SUBUNIT
article-90,article-90.1,HAS_SUBUNIT
article-90.1,article-90.1.a,HAS_SUBUNIT
article-90.1.a,article-90.1.a.b,HAS_SUBUNIT
article-90.1.a.b,article-90.2,HAS_SUBUNIT
article-90.2,article-90.3,HAS_SUBUNIT
article-90.3,article-90.3.a,HAS_SUBUNIT
article-90.3.a,article-90.3.a.b,HAS_SUBUNIT
article-90.3.a.b,article-90.3.a.b.c,HAS_SUBUNIT
article-91,article-91.1,HAS_SUBUNIT
article-91.1,article-91.2,HAS_SUBUNIT
article-91.2,article-91.3,HAS_SUBUNIT
article-91.3,article-91.4,HAS_SUBUNIT
article-91.4,article-91.5,HAS_SUBUNIT
article-92,article-92.1,HAS_SUBUNIT
article-92.1,article-92.1.a,HAS_SUBUNIT
article-92.1.a,article-92.1.a.b,HAS_SUBUNIT
article-92.1.a.b,article-92.2,HAS_SUBUNIT
article-92.2,article-92.3,HAS_SUBUNIT
article-92.3,article-92.4,HAS_SUBUNIT
article-92.4,article-92.5,HAS_SUBUNIT
article-92.5,article-92.6,HAS_SUBUNIT
article-92.6,article-92.7,HAS_SUBUNIT
article-93,article-93.1,HAS_SUBUNIT
article-93.1,article-93.1.a,HAS_SUBUNIT
article-93.1.a,article-93.1.a.b,HAS_SUBUNIT
article-93.1.a.b,article-93.1.a.b.c,HAS_SUBUNIT
article-93.1.a.b.c,article-93.2,HAS_SUBUNIT
article-93.2,article-93.3,HAS_SUBUNIT
article-95,article-95.1,HAS_SUBUNIT
article-95.1,article-95.2,HAS_SUBUNIT
article-95.2,article-95.2.a,HAS_SUBUNIT
article-95.2.a,article-95.2.a.b,HAS_SUBUNIT
article-95.2.a.b,article-95.2.a.b.c,HAS_SUBUNIT
article-95.2.a.b.c,article-95.2.a.b.c.d,HAS_SUBUNIT
article-95.2.a.b.c.d,article-95.2.a.b.c.d.e,HAS_SUBUNIT
article-95.2.a.b.c.d.e,article-95.3,HAS_SUBUNIT
article-95.3,article-95.4,HAS_SUBUNIT
article-96,article-96.1,HAS_SUBUNIT
article-96.1,article-96.1.a,HAS_SUBUNIT
article-96.1.a,article-96.1.a.b,HAS_SUBUNIT
article-96.1.a.b,article-96.1.a.b.c,HAS_SUBUNIT
article-96.1.a.b.c,article-96.1.a.b.c.d,HAS_SUBUNIT
article-96.1.a.b.c.d,article-96.1.a.b.c.d.e,HAS_SUBUNIT
article-96.1.a.b.c.d.e,article-96.1.a.b.c.d.e.f,HAS_SUBUNIT
article-96.1.a.b.c.d.e.f,article-96.1.a.b.c.d.e.f.g,HAS_SUBUNIT
article-96.1.a.b.c.d.e.f.g,article-96.2,HAS_SUBUNIT
article-97,article-97.1,HAS_SUBUNIT
article-97.1,article-97.2,HAS_SUBUNIT
article-97.2,article-97.3,HAS_SUBUNIT
article-97.3,article-97.4,HAS_SUBUNIT
article-97.4,article-97.5,HAS_SUBUNIT
article-97.5,article-97.6,HAS_SUBUNIT
article-98,article-98.1,HAS_SUBUNIT
article-98.1,article-98.2,HAS_SUBUNIT
article-99,article-99.1,HAS_SUBUNIT
article-99.1,article-99.2,HAS_SUBUNIT
article-99.2,article-99.3,HAS_SUBUNIT
article-99.3,article-99.4,HAS_SUBUNIT
article-99.4,article-99.4.a,HAS_SUBUNIT
article-99.4.a,article-99.4.a.b,HAS_SUBUNIT
article-99.4.a.b,article-99.4.a.b.c,HAS_SUBUNIT
article-99.4.a.b.c,article-99.4.a.b.c.d,HAS_SUBUNIT
article-99.4.a.b.c.d,article-99.4.a.b.c.d.da,HAS_SUBUNIT
article-99.4.a.b.c.d.da,article-99.4.a.b.c.d.da.e,HAS_SUBUNIT
article-99.4.a.b.c.d.da.e,article-99.4.a.b.c.d.da.e.f,HAS_SUBUNIT
article-99.4.a.b.c.d.da.e.f,article-99.4.a.b.c.d.da.e.f.g,HAS_SUBUNIT
article-99.4.a.b.c.d.da.e.f.g,article-99.5,HAS_SUBUNIT
article-99.5,article-99.6,HAS_SUBUNIT
article-99.6,article-99.6a,HAS_SUBUNIT
article-99.6a,article-99.7,HAS_SUBUNIT
article-99.7,article-99.7.a,HAS_SUBUNIT
article-99.7.a,article-99.7.a.b,HAS_SUBUNIT
article-99.7.a.b,article-99.7.a.b.c,HAS_SUBUNIT
article-99.7.a.b.c,article-99.7.a.b.c.d,HAS_SUBUNIT
article-99.7.a.b.c.d,article-99.7.a.b.c.d.e,HAS_SUBUNIT
article-99.7.a.b.c.d.e,article-99.7.a.b.c.d.e.f,HAS_SUBUNIT
article-99.7.a.b.c.d.e.f,article-99.7.a.b.c.d.e.f.g,HAS_SUBUNIT
article-99.7.a.b.c.d.e.f.g,article-99.7.a.b.c.d.e.f.g.h,HAS_SUBUNIT
article-99.7.a.b.c.d.e.f.g.h,article-99.7.a.b.c.d.e.f.g.h.i,HAS_SUBUNIT
article-99.7.a.b.c.d.e.f.g.h.i,article-99.7.a.b.c.d.e.f.g.h.i.j,HAS_SUBUNIT
article-99.7.a.b.c.d.e.f.g.h.i.j,article-99.8,HAS_SUBUNIT
article-99.8,article-99.9,HAS_SUBUNIT
article-99.9,article-99.10,HAS_SUBUNIT
article-99.10,article-99.11,HAS_SUBUNIT
annex-i,annex-i.section-b-list-of-other-union-harmonisation-legislation,HAS_SUBUNIT
annex-ii,annex-ii.,HAS_SUBUNIT
annex-ii.,annex-ii..,HAS_SUBUNIT
annex-ii..,annex-ii...,HAS_SUBUNIT
annex-ii...,annex-ii....,HAS_SUBUNIT
annex-ii....,annex-ii.....,HAS_SUBUNIT
annex-ii.....,annex-ii......,HAS_SUBUNIT
annex-ii......,annex-ii.......,HAS_SUBUNIT
annex-ii.......,annex-ii........,HAS_SUBUNIT
annex-ii........,annex-ii.........,HAS_SUBUNIT
annex-ii.........,annex-ii..........,HAS_SUBUNIT
annex-ii..........,annex-ii...........,HAS_SUBUNIT
annex-ii...........,annex-ii............,HAS_SUBUNIT
annex-ii............,annex-ii.............,HAS_SUBUNIT
annex-ii.............,annex-ii..............,HAS_SUBUNIT
annex-ii..............,annex-ii...............,HAS_SUBUNIT
annex-iii,annex-iii.a,HAS_SUBUNIT
annex-iii.a,annex-iii.a.b,HAS_SUBUNIT
annex-iii.a.b,annex-iii.a.b.c,HAS_SUBUNIT
annex-iii.a.b.c,annex-iii.a.b.c.a,HAS_SUBUNIT
annex-iii.a.b.c.a,annex-iii.a.b.c.a.b,HAS_SUBUNIT
annex-iii.a.b.c.a.b,annex-iii.a.b.c.a.b.c,HAS_SUBUNIT
annex-iii.a.b.c.a.b.c,annex-iii.a.b.c.a.b.c.2,HAS_SUBUNIT
annex-iii.a.b.c.a.b.c.2,annex-iii.a.b.c.a.b.c.2.3,HAS_SUBUNIT
annex-iii.a.b.c.a.b.c.2.3,annex-iii.a.b.c.a.b.c.2.3.a,HAS_SUBUNIT
annex-iii.a.b.c.a.b.c.2.3.a,annex-iii.a.b.c.a.b.c.2.3.a.b,HAS_SUBUNIT
annex-iii.a.b.c.a.b.c.2.3.a.b,annex-iii.a.b.c.a.b.c.2.3.a.b.c,HAS_SUBUNIT
annex-iii.a.b.c.a.b.c.2.3.a.b.c,annex-iii.a.b.c.a.b.c.2.3.a.b.c.d,HAS_SUBUNIT
annex-iii.a.b.c.a.b.c.2.3.a.b.c.d,annex-iii.a.b.c.a.b.c.2.3.a.b.c.d.a,HAS_SUBUNIT
annex-iii.a.b.c.a.b.c.2.3.a.b.c.d.a,annex-iii.a.b.c.a.b.c.2.3.a.b.c.d.a.b,HAS_SUBUNIT
annex-iii.a.b.c.a.b.c.2.3.a.b.c.d.a.b,annex-iii.a.b.c.a.b.c.2.3.a.b.c.d.a.b.c,HAS_SUBUNIT
annex-iii.a.b.c.a.b.c.2.3.a.b.c.d.a.b.c,annex-iii.a.b.c.a.b.c.2.3.a.b.c.d.a.b.c.d,HAS_SUBUNIT
annex-iii.a.b.c.a.b.c.2.3.a.b.c.d.a.b.c.d,annex-iii.a.b.c.a.b.c.2.3.a.b.c.d.a.b.c.d.4,HAS_SUBUNIT
annex-iii.a.b.c.a.b.c.2.3.a.b.c.d.a.b.c.d.4,annex-iii.a.b.c.a.b.c.2.3.a.b.c.d.a.b.c.d.4.a,HAS_SUBUNIT
annex-iii.a.b.c.a.b.c.2.3.a.b.c.d.a.b.c.d.4.a,annex-iii.a.b.c.a.b.c.2.3.a.b.c.d.a.b.c.d.4.a.b,HAS_SUBUNIT
annex-iii.a.b.c.a.b.c.2.3.a.b.c.d.a.b.c.d.4.a.b,annex-iii.a.b.c.a.b.c.2.3.a.b.c.d.a.b.c.d.4.a.b.a,HAS_SUBUNIT
annex-iii.a.b.c.a.b.c.2.3.a.b.c.d.a.b.c.d.4.a.b.a,annex-iii.a.b.c.a.b.c.2.3.a.b.c.d.a.b.c.d.4.a.b.a.b,HAS_SUBUNIT
annex-iii.a.b.c.a.b.c.2.3.a.b.c.d.a.b.c.d.4.a.b.a.b,annex-iii.a.b.c.a.b.c.2.3.a.b.c.d.a.b.c.d.4.a.b.a.b.5,HAS_SUBUNIT
annex-iii.a.b.c.a.b.c.2.3.a.b.c.d.a.b.c.d.4.a.b.a.b.5,annex-iii.a.b.c.a.b.c.2.3.a.b.c.d.a.b.c.d.4.a.b.a.b.5.a,HAS_SUBUNIT
annex-iii.a.b.c.a.b.c.2.3.a.b.c.d.a.b.c.d.4.a.b.a.b.5.a,annex-iii.a.b.c.a.b.c.2.3.a.b.c.d.a.b.c.d.4.a.b.a.b.5.a.b,HAS_SUBUNIT
annex-iii.a.b.c.a.b.c.2.3.a.b.c.d.a.b.c.d.4.a.b.a.b.5.a.b,annex-iii.a.b.c.a.b.c.2.3.a.b.c.d.a.b.c.d.4.a.b.a.b.5.a.b.c,HAS_SUBUNIT
annex-iii.a.b.c.a.b.c.2.3.a.b.c.d.a.b.c.d.4.a.b.a.b.5.a.b.c,annex-iii.a.b.c.a.b.c.2.3.a.b.c.d.a.b.c.d.4.a.b.a.b.5.a.b.c.d,HAS_SUBUNIT
annex-iii.a.b.c.a.b.c.2.3.a.b.c.d.a.b.c.d.4.a.b.a.b.5.a.b.c.d,annex-iii.a.b.c.a.b.c.2.3.a.b.c.d.a.b.c.d.4.a.b.a.b.5.a.b.c.d.a,HAS_SUBUNIT
annex-iii.a.b.c.a.b.c.2.3.a.b.c.d.a.b.c.d.4.a.b.a.b.5.a.b.c.d.a,annex-iii.a.b.c.a.b.c.2.3.a.b.c.d.a.b.c.d.4.a.b.a.b.5.a.b.c.d.a.b,HAS_SUBUNIT
annex-iii.a.b.c.a.b.c.2.3.a.b.c.d.a.b.c.d.4.a.b.a.b.5.a.b.c.d.a.b,annex-iii.a.b.c.a.b.c.2.3.a.b.c.d.a.b.c.d.4.a.b.a.b.5.a.b.c.d.a.b.c,HAS_SUBUNIT
annex-iii.a.b.c.a.b.c.2.3.a.b.c.d.a.b.c.d.4.a.b.a.b.5.a.b.c.d.a.b.c,annex-iii.a.b.c.a.b.c.2.3.a.b.c.d.a.b.c.d.4.a.b.a.b.5.a.b.c.d.a.b.c.d,HAS_SUBUNIT
annex-iii.a.b.c.a.b.c.2.3.a.b.c.d.a.b.c.d.4.a.b.a.b.5.a.b.c.d.a.b.c.d,annex-iii.a.b.c.a.b.c.2.3.a.b.c.d.a.b.c.d.4.a.b.a.b.5.a.b.c.d.a.b.c.d.6,HAS_SUBUNIT
annex-iii.a.b.c.a.b.c.2.3.a.b.c.d.a.b.c.d.4.a.b.a.b.5.a.b.c.d.a.b.c.d.6,annex-iii.a.b.c.a.b.c.2.3.a.b.c.d.a.b.c.d.4.a.b.a.b.5.a.b.c.d.a.b.c.d.6.a,HAS_SUBUNIT
annex-iii.a.b.c.a.b.c.2.3.a.b.c.d.a.b.c.d.4.a.b.a.b.5.a.b.c.d.a.b.c.d.6.a,annex-iii.a.b.c.a.b.c.2.3.a.b.c.d.a.b.c.d.4.a.b.a.b.5.a.b.c.d.a.b.c.d.6.a.b,HAS_SUBUNIT
annex-iii.a.b.c.a.b.c.2.3.a.b.c.d.a.b.c.d.4.a.b.a.b.5.a.b.c.d.a.b.c.d.6.a.b,annex-iii.a.b.c.a.b.c.2.3.a.b.c.d.a.b.c.d.4.a.b.a.b.5.a.b.c.d.a.b.c.d.6.a.b.c,HAS_SUBUNIT
annex-iii.a.b.c.a.b.c.2.3.a.b.c.d.a.b.c.d.4.a.b.a.b.5.a.b.c.d.a.b.c.d.6.a.b.c,annex-iii.a.b.c.a.b.c.2.3.a.b.c.d.a.b.c.d.4.a.b.a.b.5.a.b.c.d.a.b.c.d.6.a.b.c.d,HAS_SUBUNIT
annex-iii.a.b.c.a.b.c.2.3.a.b.c.d.a.b.c.d.4.a.b.a.b.5.a.b.c.d.a.b.c.d.6.a.b.c.d,annex-iii.a.b.c.a.b.c.2.3.a.b.c.d.a.b.c.d.4.a.b.a.b.5.a.b.c.d.a.b.c.d.6.a.b.c.d.e,HAS_SUBUNIT
annex-iii.a.b.c.a.b.c.2.3.a.b.c.d.a.b.c.d.4.a.b.a.b.5.a.b.c.d.a.b.c.d.6.a.b.c.d.e,annex-iii.a.b.c.a.b.c.2.3.a.b.c.d.a.b.c.d.4.a.b.a.b.5.a.b.c.d.a.b.c.d.6.a.b.c.d.e.a,HAS_SUBUNIT
annex-iii.a.b.c.a.b.c.2.3.a.b.c.d.a.b.c.d.4.a.b.a.b.5.a.b.c.d.a.b.c.d.6.a.b.c.d.e.a,annex-iii.a.b.c.a.b.c.2.3.a.b.c.d.a.b.c.d.4.a.b.a.b.5.a.b.c.d.a.b.c.d.6.a.b.c.d.e.a.b,HAS_SUBUNIT
annex-iii.a.b.c.a.b.c.2.3.a.b.c.d.a.b.c.d.4.a.b.a.b.5.a.b.c.d.a.b.c.d.6.a.b.c.d.e.a.b,annex-iii.a.b.c.a.b.c.2.3.a.b.c.d.a.b.c.d.4.a.b.a.b.5.a.b.c.d.a.b.c.d.6.a.b.c.d.e.a.b.c,HAS_SUBUNIT
annex-iii.a.b.c.a.b.c.2.3.a.b.c.d.a.b.c.d.4.a.b.a.b.5.a.b.c.d.a.b.c.d.6.a.b.c.d.e.a.b.c,annex-iii.a.b.c.a.b.c.2.3.a.b.c.d.a.b.c.d.4.a.b.a.b.5.a.b.c.d.a.b.c.d.6.a.b.c.d.e.a.b.c.d,HAS_SUBUNIT
annex-iii.a.b.c.a.b.c.2.3.a.b.c.d.a.b.c.d.4.a.b.a.b.5.a.b.c.d.a.b.c.d.6.a.b.c.d.e.a.b.c.d,annex-iii.a.b.c.a.b.c.2.3.a.b.c.d.a.b.c.d.4.a.b.a.b.5.a.b.c.d.a.b.c.d.6.a.b.c.d.e.a.b.c.d.e,HAS_SUBUNIT
annex-iii.a.b.c.a.b.c.2.3.a.b.c.d.a.b.c.d.4.a.b.a.b.5.a.b.c.d.a.b.c.d.6.a.b.c.d.e.a.b.c.d.e,annex-iii.a.b.c.a.b.c.2.3.a.b.c.d.a.b.c.d.4.a.b.a.b.5.a.b.c.d.a.b.c.d.6.a.b.c.d.e.a.b.c.d.e.7,HAS_SUBUNIT
annex-iii.a.b.c.a.b.c.2.3.a.b.c.d.a.b.c.d.4.a.b.a.b.5.a.b.c.d.a.b.c.d.6.a.b.c.d.e.a.b.c.d.e.7,annex-iii.a.b.c.a.b.c.2.3.a.b.c.d.a.b.c.d.4.a.b.a.b.5.a.b.c.d.a.b.c.d.6.a.b.c.d.e.a.b.c.d.e.7.a,HAS_SUBUNIT
annex-iii.a.b.c.a.b.c.2.3.a.b.c.d.a.b.c.d.4.a.b.a.b.5.a.b.c.d.a.b.c.d.6.a.b.c.d.e.a.b.c.d.e.7.a,annex-iii.a.b.c.a.b.c.2.3.a.b.c.d.a.b.c.d.4.a.b.a.b.5.a.b.c.d.a.b.c.d.6.a.b.c.d.e.a.b.c.d.e.7.a.b,HAS_SUBUNIT
annex-iii.a.b.c.a.b.c.2.3.a.b.c.d.a.b.c.d.4.a.b.a.b.5.a.b.c.d.a.b.c.d.6.a.b.c.d.e.a.b.c.d.e.7.a.b,annex-iii.a.b.c.a.b.c.2.3.a.b.c.d.a.b.c.d.4.a.b.a.b.5.a.b.c.d.a.b.c.d.6.a.b.c.d.e.a.b.c.d.e.7.a.b.c,HAS_SUBUNIT
annex-iii.a.b.c.a.b.c.2.3.a.b.c.d.a.b.c.d.4.a.b.a.b.5.a.b.c.d.a.b.c.d.6.a.b.c.d.e.a.b.c.d.e.7.a.b.c,annex-iii.a.b.c.a.b.c.2.3.a.b.c.d.a.b.c.d.4.a.b.a.b.5.a.b.c.d.a.b.c.d.6.a.b.c.d.e.a.b.c.d.e.7.a.b.c.d,HAS_SUBUNIT
annex-iii.a.b.c.a.b.c.2.3.a.b.c.d.a.b.c.d.4.a.b.a.b.5.a.b.c.d.a.b.c.d.6.a.b.c.d.e.a.b.c.d.e.7.a.b.c.d,annex-iii.a.b.c.a.b.c.2.3.a.b.c.d.a.b.c.d.4.a.b.a.b.5.a.b.c.d.a.b.c.d.6.a.b.c.d.e.a.b.c.d.e.7.a.b.c.d.a,HAS_SUBUNIT
annex-iii.a.b.c.a.b.c.2.3.a.b.c.d.a.b.c.d.4.a.b.a.b.5.a.b.c.d.a.b.c.d.6.a.b.c.d.e.a.b.c.d.e.7.a.b.c.d.a,annex-iii.a.b.c.a.b.c.2.3.a.b.c.d.a.b.c.d.4.a.b.a.b.5.a.b.c.d.a.b.c.d.6.a.b.c.d.e.a.b.c.d.e.7.a.b.c.d.a.b,HAS_SUBUNIT
annex-iii.a.b.c.a.b.c.2.3.a.b.c.d.a.b.c.d.4.a.b.a.b.5.a.b.c.d.a.b.c.d.6.a.b.c.d.e.a.b.c.d.e.7.a.b.c.d.a.b,annex-iii.a.b.c.a.b.c.2.3.a.b.c.d.a.b.c.d.4.a.b.a.b.5.a.b.c.d.a.b.c.d.6.a.b.c.d.e.a.b.c.d.e.7.a.b.c.d.a.b.c,HAS_SUBUNIT
annex-iii.a.b.c.a.b.c.2.3.a.b.c.d.a.b.c.d.4.a.b.a.b.5.a.b.c.d.a.b.c.d.6.a.b.c.d.e.a.b.c.d.e.7.a.b.c.d.a.b.c,annex-iii.a.b.c.a.b.c.2.3.a.b.c.d.a.b.c.d.4.a.b.a.b.5.a.b.c.d.a.b.c.d.6.a.b.c.d.e.a.b.c.d.e.7.a.b.c.d.a.b.c.d,HAS_SUBUNIT
annex-iii.a.b.c.a.b.c.2.3.a.b.c.d.a.b.c.d.4.a.b.a.b.5.a.b.c.d.a.b.c.d.6.a.b.c.d.e.a.b.c.d.e.7.a.b.c.d.a.b.c.d,annex-iii.a.b.c.a.b.c.2.3.a.b.c.d.a.b.c.d.4.a.b.a.b.5.a.b.c.d.a.b.c.d.6.a.b.c.d.e.a.b.c.d.e.7.a.b.c.d.a.b.c.d.8,HAS_SUBUNIT
annex-iii.a.b.c.a.b.c.2.3.a.b.c.d.a.b.c.d.4.a.b.a.b.5.a.b.c.d.a.b.c.d.6.a.b.c.d.e.a.b.c.d.e.7.a.b.c.d.a.b.c.d.8,annex-iii.a.b.c.a.b.c.2.3.a.b.c.d.a.b.c.d.4.a.b.a.b.5.a.b.c.d.a.b.c.d.6.a.b.c.d.e.a.b.c.d.e.7.a.b.c.d.a.b.c.d.8.a,HAS_SUBUNIT
annex-iii.a.b.c.a.b.c.2.3.a.b.c.d.a.b.c.d.4.a.b.a.b.5.a.b.c.d.a.b.c.d.6.a.b.c.d.e.a.b.c.d.e.7.a.b.c.d.a.b.c.d.8.a,annex-iii.a.b.c.a.b.c.2.3.a.b.c.d.a.b.c.d.4.a.b.a.b.5.a.b.c.d.a.b.c.d.6.a.b.c.d.e.a.b.c.d.e.7.a.b.c.d.a.b.c.d.8.a.b,HAS_SUBUNIT
annex-iii.a.b.c.a.b.c.2.3.a.b.c.d.a.b.c.d.4.a.b.a.b.5.a.b.c.d.a.b.c.d.6.a.b.c.d.e.a.b.c.d.e.7.a.b.c.d.a.b.c.d.8.a.b,annex-iii.a.b.c.a.b.c.2.3.a.b.c.d.a.b.c.d.4.a.b.a.b.5.a.b.c.d.a.b.c.d.6.a.b.c.d.e.a.b.c.d.e.7.a.b.c.d.a.b.c.d.8.a.b.a,HAS_SUBUNIT
annex-iii.a.b.c.a.b.c.2.3.a.b.c.d.a.b.c.d.4.a.b.a.b.5.a.b.c.d.a.b.c.d.6.a.b.c.d.e.a.b.c.d.e.7.a.b.c.d.a.b.c.d.8.a.b.a,annex-iii.a.b.c.a.b.c.2.3.a.b.c.d.a.b.c.d.4.a.b.a.b.5.a.b.c.d.a.b.c.d.6.a.b.c.d.e.a.b.c.d.e.7.a.b.c.d.a.b.c.d.8.a.b.a.b,HAS_SUBUNIT
annex-iv,annex-iv.a,HAS_SUBUNIT
annex-iv.a,annex-iv.a.b,HAS_SUBUNIT
annex-iv.a.b,annex-iv.a.b.c,HAS_SUBUNIT
annex-iv.a.b.c,annex-iv.a.b.c.d,HAS_SUBUNIT
annex-iv.a.b.c.d,annex-iv.a.b.c.d.e,HAS_SUBUNIT
annex-iv.a.b.c.d.e,annex-iv.a.b.c.d.e.f,HAS_SUBUNIT
annex-iv.a.b.c.d.e.f,annex-iv.a.b.c.d.e.f.g,HAS_SUBUNIT
annex-iv.a.b.c.d.e.f.g,annex-iv.a.b.c.d.e.f.g.h,HAS_SUBUNIT
annex-iv.a.b.c.d.e.f.g.h,annex-iv.a.b.c.d.e.f.g.h.a,HAS_SUBUNIT
annex-iv.a.b.c.d.e.f.g.h.a,annex-iv.a.b.c.d.e.f.g.h.a.b,HAS_SUBUNIT
annex-iv.a.b.c.d.e.f.g.h.a.b,annex-iv.a.b.c.d.e.f.g.h.a.b.c,HAS_SUBUNIT
annex-iv.a.b.c.d.e.f.g.h.a.b.c,annex-iv.a.b.c.d.e.f.g.h.a.b.c.d,HAS_SUBUNIT
annex-iv.a.b.c.d.e.f.g.h.a.b.c.d,annex-iv.a.b.c.d.e.f.g.h.a.b.c.d.e,HAS_SUBUNIT
annex-iv.a.b.c.d.e.f.g.h.a.b.c.d.e,annex-iv.a.b.c.d.e.f.g.h.a.b.c.d.e.f,HAS_SUBUNIT
annex-iv.a.b.c.d.e.f.g.h.a.b.c.d.e.f,annex-iv.a.b.c.d.e.f.g.h.a.b.c.d.e.f.g,HAS_SUBUNIT
annex-iv.a.b.c.d.e.f.g.h.a.b.c.d.e.f.g,annex-iv.a.b.c.d.e.f.g.h.a.b.c.d.e.f.g.h,HAS_SUBUNIT
annex-iv.a.b.c.d.e.f.g.h.a.b.c.d.e.f.g.h,annex-iv.a.b.c.d.e.f.g.h.a.b.c.d.e.f.g.h.2,HAS_SUBUNIT
annex-iv.a.b.c.d.e.f.g.h.a.b.c.d.e.f.g.h.2,annex-iv.a.b.c.d.e.f.g.h.a.b.c.d.e.f.g.h.2.a,HAS_SUBUNIT
annex-iv.a.b.c.d.e.f.g.h.a.b.c.d.e.f.g.h.2.a,annex-iv.a.b.c.d.e.f.g.h.a.b.c.d.e.f.g.h.2.a.b,HAS_SUBUNIT
annex-iv.a.b.c.d.e.f.g.h.a.b.c.d.e.f.g.h.2.a.b,annex-iv.a.b.c.d.e.f.g.h.a.b.c.d.e.f.g.h.2.a.b.c,HAS_SUBUNIT
annex-iv.a.b.c.d.e.f.g.h.a.b.c.d.e.f.g.h.2.a.b.c,annex-iv.a.b.c.d.e.f.g.h.a.b.c.d.e.f.g.h.2.a.b.c.d,HAS_SUBUNIT
annex-iv.a.b.c.d.e.f.g.h.a.b.c.d.e.f.g.h.2.a.b.c.d,annex-iv.a.b.c.d.e.f.g.h.a.b.c.d.e.f.g.h.2.a.b.c.d.e,HAS_SUBUNIT
annex-iv.a.b.c.d.e.f.g.h.a.b.c.d.e.f.g.h.2.a.b.c.d.e,annex-iv.a.b.c.d.e.f.g.h.a.b.c.d.e.f.g.h.2.a.b.c.d.e.f,HAS_SUBUNIT
annex-iv.a.b.c.d.e.f.g.h.a.b.c.d.e.f.g.h.2.a.b.c.d.e.f,annex-iv.a.b.c.d.e.f.g.h.a.b.c.d.e.f.g.h.2.a.b.c.d.e.f.g,HAS_SUBUNIT
annex-iv.a.b.c.d.e.f.g.h.a.b.c.d.e.f.g.h.2.a.b.c.d.e.f.g,annex-iv.a.b.c.d.e.f.g.h.a.b.c.d.e.f.g.h.2.a.b.c.d.e.f.g.h,HAS_SUBUNIT
annex-iv.a.b.c.d.e.f.g.h.a.b.c.d.e.f.g.h.2.a.b.c.d.e.f.g.h,annex-iv.a.b.c.d.e.f.g.h.a.b.c.d.e.f.g.h.2.a.b.c.d.e.f.g.h.a,HAS_SUBUNIT
annex-iv.a.b.c.d.e.f.g.h.a.b.c.d.e.f.g.h.2.a.b.c.d.e.f.g.h.a,annex-iv.a.b.c.d.e.f.g.h.a.b.c.d.e.f.g.h.2.a.b.c.d.e.f.g.h.a.b,HAS_SUBUNIT
annex-iv.a.b.c.d.e.f.g.h.a.b.c.d.e.f.g.h.2.a.b.c.d.e.f.g.h.a.b,annex-iv.a.b.c.d.e.f.g.h.a.b.c.d.e.f.g.h.2.a.b.c.d.e.f.g.h.a.b.c,HAS_SUBUNIT
annex-iv.a.b.c.d.e.f.g.h.a.b.c.d.e.f.g.h.2.a.b.c.d.e.f.g.h.a.b.c,annex-iv.a.b.c.d.e.f.g.h.a.b.c.d.e.f.g.h.2.a.b.c.d.e.f.g.h.a.b.c.d,HAS_SUBUNIT
annex-iv.a.b.c.d.e.f.g.h.a.b.c.d.e.f.g.h.2.a.b.c.d.e.f.g.h.a.b.c.d,annex-iv.a.b.c.d.e.f.g.h.a.b.c.d.e.f.g.h.2.a.b.c.d.e.f.g.h.a.b.c.d.e,HAS_SUBUNIT
annex-iv.a.b.c.d.e.f.g.h.a.b.c.d.e.f.g.h.2.a.b.c.d.e.f.g.h.a.b.c.d.e,annex-iv.a.b.c.d.e.f.g.h.a.b.c.d.e.f.g.h.2.a.b.c.d.e.f.g.h.a.b.c.d.e.f,HAS_SUBUNIT
annex-iv.a.b.c.d.e.f.g.h.a.b.c.d.e.f.g.h.2.a.b.c.d.e.f.g.h.a.b.c.d.e.f,annex-iv.a.b.c.d.e.f.g.h.a.b.c.d.e.f.g.h.2.a.b.c.d.e.f.g.h.a.b.c.d.e.f.g,HAS_SUBUNIT
annex-iv.a.b.c.d.e.f.g.h.a.b.c.d.e.f.g.h.2.a.b.c.d.e.f.g.h.a.b.c.d.e.f.g,annex-iv.a.b.c.d.e.f.g.h.a.b.c.d.e.f.g.h.2.a.b.c.d.e.f.g.h.a.b.c.d.e.f.g.h,HAS_SUBUNIT
annex-iv.a.b.c.d.e.f.g.h.a.b.c.d.e.f.g.h.2.a.b.c.d.e.f.g.h.a.b.c.d.e.f.g.h,annex-iv.a.b.c.d.e.f.g.h.a.b.c.d.e.f.g.h.2.a.b.c.d.e.f.g.h.a.b.c.d.e.f.g.h.3,HAS_SUBUNIT
annex-iv.a.b.c.d.e.f.g.h.a.b.c.d.e.f.g.h.2.a.b.c.d.e.f.g.h.a.b.c.d.e.f.g.h.3,annex-iv.a.b.c.d.e.f.g.h.a.b.c.d.e.f.g.h.2.a.b.c.d.e.f.g.h.a.b.c.d.e.f.g.h.3.4,HAS_SUBUNIT
annex-iv.a.b.c.d.e.f.g.h.a.b.c.d.e.f.g.h.2.a.b.c.d.e.f.g.h.a.b.c.d.e.f.g.h.3.4,annex-iv.a.b.c.d.e.f.g.h.a.b.c.d.e.f.g.h.2.a.b.c.d.e.f.g.h.a.b.c.d.e.f.g.h.3.4.5,HAS_SUBUNIT
annex-iv.a.b.c.d.e.f.g.h.a.b.c.d.e.f.g.h.2.a.b.c.d.e.f.g.h.a.b.c.d.e.f.g.h.3.4.5,annex-iv.a.b.c.d.e.f.g.h.a.b.c.d.e.f.g.h.2.a.b.c.d.e.f.g.h.a.b.c.d.e.f.g.h.3.4.5.6,HAS_SUBUNIT
annex-iv.a.b.c.d.e.f.g.h.a.b.c.d.e.f.g.h.2.a.b.c.d.e.f.g.h.a.b.c.d.e.f.g.h.3.4.5.6,annex-iv.a.b.c.d.e.f.g.h.a.b.c.d.e.f.g.h.2.a.b.c.d.e.f.g.h.a.b.c.d.e.f.g.h.3.4.5.6.7,HAS_SUBUNIT
annex-iv.a.b.c.d.e.f.g.h.a.b.c.d.e.f.g.h.2.a.b.c.d.e.f.g.h.a.b.c.d.e.f.g.h.3.4.5.6.7,annex-iv.a.b.c.d.e.f.g.h.a.b.c.d.e.f.g.h.2.a.b.c.d.e.f.g.h.a.b.c.d.e.f.g.h.3.4.5.6.7.8,HAS_SUBUNIT
annex-iv.a.b.c.d.e.f.g.h.a.b.c.d.e.f.g.h.2.a.b.c.d.e.f.g.h.a.b.c.d.e.f.g.h.3.4.5.6.7.8,annex-iv.a.b.c.d.e.f.g.h.a.b.c.d.e.f.g.h.2.a.b.c.d.e.f.g.h.a.b.c.d.e.f.g.h.3.4.5.6.7.8.9,HAS_SUBUNIT
annex-ix,annex-ix.2,HAS_SUBUNIT
annex-ix.2,annex-ix.2.3,HAS_SUBUNIT
annex-ix.2.3,annex-ix.2.3.4,HAS_SUBUNIT
annex-ix.2.3.4,annex-ix.2.3.4.5,HAS_SUBUNIT
annex-v,annex-v.2,HAS_SUBUNIT
annex-v.2,annex-v.2.3,HAS_SUBUNIT
annex-v.2.3,annex-v.2.3.4,HAS_SUBUNIT
annex-v.2.3.4,annex-v.2.3.4.5,HAS_SUBUNIT
annex-v.2.3.4.5,annex-v.2.3.4.5.6,HAS_SUBUNIT
annex-v.2.3.4.5.6,annex-v.2.3.4.5.6.7,HAS_SUBUNIT
annex-v.2.3.4.5.6.7,annex-v.2.3.4.5.6.7.8,HAS_SUBUNIT
annex-vii,annex-vii.2-overview,HAS_SUBUNIT
annex-vii.2-overview,annex-vii.3-quality-management-system,HAS_SUBUNIT
annex-vii.3-quality-management-system,annex-vii.3-quality-management-system.a,HAS_SUBUNIT
annex-vii.3-quality-management-system.a,annex-vii.3-quality-management-system.a.b,HAS_SUBUNIT
annex-vii.3-quality-management-system.a.b,annex-vii.3-quality-management-system.a.b.c,HAS_SUBUNIT
annex-vii.3-quality-management-system.a.b.c,annex-vii.3-quality-management-system.a.b.c.d,HAS_SUBUNIT
annex-vii.3-quality-management-system.a.b.c.d,annex-vii.3-quality-management-system.a.b.c.d.e,HAS_SUBUNIT
annex-vii.3-quality-management-system.a.b.c.d.e,annex-vii.3-quality-management-system.a.b.c.d.e.f,HAS_SUBUNIT
annex-vii.3-quality-management-system.a.b.c.d.e.f,annex-vii.4-control-of-the-technical-documentation,HAS_SUBUNIT
annex-vii.4-control-of-the-technical-documentation,annex-vii.4-control-of-the-technical-documentation.a,HAS_SUBUNIT
annex-vii.4-control-of-the-technical-documentation.a,annex-vii.4-control-of-the-technical-documentation.a.b,HAS_SUBUNIT
annex-vii.4-control-of-the-technical-documentation.a.b,annex-vii.4-control-of-the-technical-documentation.a.b.c,HAS_SUBUNIT
annex-vii.4-control-of-the-technical-documentation.a.b.c,annex-vii.5-surveillance-of-the-approved-quality-management-system,HAS_SUBUNIT
annex-viii,annex-viii.1,HAS_SUBUNIT
annex-viii.1,annex-viii.1.2,HAS_SUBUNIT
annex-viii.1.2,annex-viii.1.2.3,HAS_SUBUNIT
annex-viii.1.2.3,annex-viii.1.2.3.4,HAS_SUBUNIT
annex-viii.1.2.3.4,annex-viii.1.2.3.4.5,HAS_SUBUNIT
annex-viii.1.2.3.4.5,annex-viii.1.2.3.4.5.6,HAS_SUBUNIT
annex-viii.1.2.3.4.5.6,annex-viii.1.2.3.4.5.6.7,HAS_SUBUNIT
annex-viii.1.2.3.4.5.6.7,annex-viii.1.2.3.4.5.6.7.8,HAS_SUBUNIT
annex-viii.1.2.3.4.5.6.7.8,annex-viii.1.2.3.4.5.6.7.8.9,HAS_SUBUNIT
annex-viii.1.2.3.4.5.6.7.8.9,annex-viii.1.2.3.4.5.6.7.8.9.10,HAS_SUBUNIT
annex-viii.1.2.3.4.5.6.7.8.9.10,annex-viii.1.2.3.4.5.6.7.8.9.10.11,HAS_SUBUNIT
annex-viii.1.2.3.4.5.6.7.8.9.10.11,annex-viii.1.2.3.4.5.6.7.8.9.10.11.12,HAS_SUBUNIT
annex-viii.1.2.3.4.5.6.7.8.9.10.11.12,annex-viii.1.2.3.4.5.6.7.8.9.10.11.12.13,HAS_SUBUNIT
annex-viii.1.2.3.4.5.6.7.8.9.10.11.12.13,annex-viii.section-b-information-to-be-submitted-by-providers-of-high-risk-ai-systems-in-accordance-with-article-49-2,HAS_SUBUNIT
annex-viii.section-b-information-to-be-submitted-by-providers-of-high-risk-ai-systems-in-accordance-with-article-49-2,annex-viii.section-b-information-to-be-submitted-by-providers-of-high-risk-ai-systems-in-accordance-with-article-49-2.1,HAS_SUBUNIT
annex-viii.section-b-information-to-be-submitted-by-providers-of-high-risk-ai-systems-in-accordance-with-article-49-2.1,annex-viii.section-b-information-to-be-submitted-by-providers-of-high-risk-ai-systems-in-accordance-with-article-49-2.1.2,HAS_SUBUNIT
annex-viii.section-b-information-to-be-submitted-by-providers-of-high-risk-ai-systems-in-accordance-with-article-49-2.1.2,annex-viii.section-b-information-to-be-submitted-by-providers-of-high-risk-ai-systems-in-accordance-with-article-49-2.1.2.3,HAS_SUBUNIT
annex-viii.section-b-information-to-be-submitted-by-providers-of-high-risk-ai-systems-in-accordance-with-article-49-2.1.2.3,annex-viii.section-b-information-to-be-submitted-by-providers-of-high-risk-ai-systems-in-accordance-with-article-49-2.1.2.3.4,HAS_SUBUNIT
annex-viii.section-b-information-to-be-submitted-by-providers-of-high-risk-ai-systems-in-accordance-with-article-49-2.1.2.3.4,annex-viii.section-b-information-to-be-submitted-by-providers-of-high-risk-ai-systems-in-accordance-with-article-49-2.1.2.3.4.5,HAS_SUBUNIT
annex-viii.section-b-information-to-be-submitted-by-providers-of-high-risk-ai-systems-in-accordance-with-article-49-2.1.2.3.4.5,annex-viii.section-b-information-to-be-submitted-by-providers-of-high-risk-ai-systems-in-accordance-with-article-49-2.1.2.3.4.5.6,HAS_SUBUNIT
annex-viii.section-b-information-to-be-submitted-by-providers-of-high-risk-ai-systems-in-accordance-with-article-49-2.1.2.3.4.5.6,annex-viii.section-b-information-to-be-submitted-by-providers-of-high-risk-ai-systems-in-accordance-with-article-49-2.1.2.3.4.5.6.8,HAS_SUBUNIT
annex-viii.section-b-information-to-be-submitted-by-providers-of-high-risk-ai-systems-in-accordance-with-article-49-2.1.2.3.4.5.6.8,annex-viii.section-c-information-to-be-submitted-by-deployers-of-high-risk-ai-systems-in-accordance-with-article-49-3,HAS_SUBUNIT
annex-viii.section-c-information-to-be-submitted-by-deployers-of-high-risk-ai-systems-in-accordance-with-article-49-3,annex-viii.section-c-information-to-be-submitted-by-deployers-of-high-risk-ai-systems-in-accordance-with-article-49-3.1,HAS_SUBUNIT
annex-viii.section-c-information-to-be-submitted-by-deployers-of-high-risk-ai-systems-in-accordance-with-article-49-3.1,annex-viii.section-c-information-to-be-submitted-by-deployers-of-high-risk-ai-systems-in-accordance-with-article-49-3.1.2,HAS_SUBUNIT
annex-viii.section-c-information-to-be-submitted-by-deployers-of-high-risk-ai-systems-in-accordance-with-article-49-3.1.2,annex-viii.section-c-information-to-be-submitted-by-deployers-of-high-risk-ai-systems-in-accordance-with-article-49-3.1.2.3,HAS_SUBUNIT
annex-viii.section-c-information-to-be-submitted-by-deployers-of-high-risk-ai-systems-in-accordance-with-article-49-3.1.2.3,annex-viii.section-c-information-to-be-submitted-by-deployers-of-high-risk-ai-systems-in-accordance-with-article-49-3.1.2.3.4,HAS_SUBUNIT
annex-viii.section-c-information-to-be-submitted-by-deployers-of-high-risk-ai-systems-in-accordance-with-article-49-3.1.2.3.4,annex-viii.section-c-information-to-be-submitted-by-deployers-of-high-risk-ai-systems-in-accordance-with-article-49-3.1.2.3.4.5,HAS_SUBUNIT
annex-xi,annex-xi.information-to-be-provided-by-all-providers-of-general-purpose-ai-models,HAS_SUBUNIT
annex-xi.information-to-be-provided-by-all-providers-of-general-purpose-ai-models,annex-xi.information-to-be-provided-by-all-providers-of-general-purpose-ai-models.1,HAS_SUBUNIT
annex-xi.information-to-be-provided-by-all-providers-of-general-purpose-ai-models.1,annex-xi.information-to-be-provided-by-all-providers-of-general-purpose-ai-models.1.a,HAS_SUBUNIT
annex-xi.information-to-be-provided-by-all-providers-of-general-purpose-ai-models.1.a,annex-xi.information-to-be-provided-by-all-providers-of-general-purpose-ai-models.1.a.b,HAS_SUBUNIT
annex-xi.information-to-be-provided-by-all-providers-of-general-purpose-ai-models.1.a.b,annex-xi.information-to-be-provided-by-all-providers-of-general-purpose-ai-models.1.a.b.c,HAS_SUBUNIT
annex-xi.information-to-be-provided-by-all-providers-of-general-purpose-ai-models.1.a.b.c,annex-xi.information-to-be-provided-by-all-providers-of-general-purpose-ai-models.1.a.b.c.d,HAS_SUBUNIT
annex-xi.information-to-be-provided-by-all-providers-of-general-purpose-ai-models.1.a.b.c.d,annex-xi.information-to-be-provided-by-all-providers-of-general-purpose-ai-models.1.a.b.c.d.e,HAS_SUBUNIT
annex-xi.information-to-be-provided-by-all-providers-of-general-purpose-ai-models.1.a.b.c.d.e,annex-xi.information-to-be-provided-by-all-providers-of-general-purpose-ai-models.1.a.b.c.d.e.f,HAS_SUBUNIT
annex-xi.information-to-be-provided-by-all-providers-of-general-purpose-ai-models.1.a.b.c.d.e.f,annex-xi.information-to-be-provided-by-all-providers-of-general-purpose-ai-models.1.a.b.c.d.e.f.a,HAS_SUBUNIT
annex-xi.information-to-be-provided-by-all-providers-of-general-purpose-ai-models.1.a.b.c.d.e.f.a,annex-xi.information-to-be-provided-by-all-providers-of-general-purpose-ai-models.1.a.b.c.d.e.f.a.b,HAS_SUBUNIT
annex-xi.information-to-be-provided-by-all-providers-of-general-purpose-ai-models.1.a.b.c.d.e.f.a.b,annex-xi.information-to-be-provided-by-all-providers-of-general-purpose-ai-models.1.a.b.c.d.e.f.a.b.c,HAS_SUBUNIT
annex-xi.information-to-be-provided-by-all-providers-of-general-purpose-ai-models.1.a.b.c.d.e.f.a.b.c,annex-xi.information-to-be-provided-by-all-providers-of-general-purpose-ai-models.1.a.b.c.d.e.f.a.b.c.d,HAS_SUBUNIT
annex-xi.information-to-be-provided-by-all-providers-of-general-purpose-ai-models.1.a.b.c.d.e.f.a.b.c.d,annex-xi.information-to-be-provided-by-all-providers-of-general-purpose-ai-models.1.a.b.c.d.e.f.a.b.c.d.e,HAS_SUBUNIT
annex-xi.information-to-be-provided-by-all-providers-of-general-purpose-ai-models.1.a.b.c.d.e.f.a.b.c.d.e,annex-xi.information-to-be-provided-by-all-providers-of-general-purpose-ai-models.1.a.b.c.d.e.f.a.b.c.d.e.f,HAS_SUBUNIT
annex-xi.information-to-be-provided-by-all-providers-of-general-purpose-ai-models.1.a.b.c.d.e.f.a.b.c.d.e.f,annex-xi.information-to-be-provided-by-all-providers-of-general-purpose-ai-models.1.a.b.c.d.e.f.a.b.c.d.e.f.2,HAS_SUBUNIT
annex-xi.information-to-be-provided-by-all-providers-of-general-purpose-ai-models.1.a.b.c.d.e.f.a.b.c.d.e.f.2,annex-xi.information-to-be-provided-by-all-providers-of-general-purpose-ai-models.1.a.b.c.d.e.f.a.b.c.d.e.f.2.a,HAS_SUBUNIT
annex-xi.information-to-be-provided-by-all-providers-of-general-purpose-ai-models.1.a.b.c.d.e.f.a.b.c.d.e.f.2.a,annex-xi.information-to-be-provided-by-all-providers-of-general-purpose-ai-models.1.a.b.c.d.e.f.a.b.c.d.e.f.2.a.b,HAS_SUBUNIT
annex-xi.information-to-be-provided-by-all-providers-of-general-purpose-ai-models.1.a.b.c.d.e.f.a.b.c.d.e.f.2.a.b,annex-xi.information-to-be-provided-by-all-providers-of-general-purpose-ai-models.1.a.b.c.d.e.f.a.b.c.d.e.f.2.a.b.c,HAS_SUBUNIT
annex-xi.information-to-be-provided-by-all-providers-of-general-purpose-ai-models.1.a.b.c.d.e.f.a.b.c.d.e.f.2.a.b.c,annex-xi.information-to-be-provided-by-all-providers-of-general-purpose-ai-models.1.a.b.c.d.e.f.a.b.c.d.e.f.2.a.b.c.d,HAS_SUBUNIT
annex-xi.information-to-be-provided-by-all-providers-of-general-purpose-ai-models.1.a.b.c.d.e.f.a.b.c.d.e.f.2.a.b.c.d,annex-xi.information-to-be-provided-by-all-providers-of-general-purpose-ai-models.1.a.b.c.d.e.f.a.b.c.d.e.f.2.a.b.c.d.e,HAS_SUBUNIT
annex-xi.information-to-be-provided-by-all-providers-of-general-purpose-ai-models.1.a.b.c.d.e.f.a.b.c.d.e.f.2.a.b.c.d.e,annex-xi.information-to-be-provided-by-all-providers-of-general-purpose-ai-models.1.a.b.c.d.e.f.a.b.c.d.e.f.2.a.b.c.d.e.a,HAS_SUBUNIT
annex-xi.information-to-be-provided-by-all-providers-of-general-purpose-ai-models.1.a.b.c.d.e.f.a.b.c.d.e.f.2.a.b.c.d.e.a,annex-xi.information-to-be-provided-by-all-providers-of-general-purpose-ai-models.1.a.b.c.d.e.f.a.b.c.d.e.f.2.a.b.c.d.e.a.b,HAS_SUBUNIT
annex-xi.information-to-be-provided-by-all-providers-of-general-purpose-ai-models.1.a.b.c.d.e.f.a.b.c.d.e.f.2.a.b.c.d.e.a.b,annex-xi.information-to-be-provided-by-all-providers-of-general-purpose-ai-models.1.a.b.c.d.e.f.a.b.c.d.e.f.2.a.b.c.d.e.a.b.c,HAS_SUBUNIT
annex-xi.information-to-be-provided-by-all-providers-of-general-purpose-ai-models.1.a.b.c.d.e.f.a.b.c.d.e.f.2.a.b.c.d.e.a.b.c,annex-xi.information-to-be-provided-by-all-providers-of-general-purpose-ai-models.1.a.b.c.d.e.f.a.b.c.d.e.f.2.a.b.c.d.e.a.b.c.d,HAS_SUBUNIT
annex-xi.information-to-be-provided-by-all-providers-of-general-purpose-ai-models.1.a.b.c.d.e.f.a.b.c.d.e.f.2.a.b.c.d.e.a.b.c.d,annex-xi.information-to-be-provided-by-all-providers-of-general-purpose-ai-models.1.a.b.c.d.e.f.a.b.c.d.e.f.2.a.b.c.d.e.a.b.c.d.e,HAS_SUBUNIT
annex-xi.information-to-be-provided-by-all-providers-of-general-purpose-ai-models.1.a.b.c.d.e.f.a.b.c.d.e.f.2.a.b.c.d.e.a.b.c.d.e,annex-xi.section-2,HAS_SUBUNIT
annex-xi.section-2,annex-xi.additional-information-to-be-provided-by-providers-of-general-purpose-ai-models-with-systemic-risk,HAS_SUBUNIT
annex-xii,annex-xii.a,HAS_SUBUNIT
annex-xii.a,annex-xii.a.b,HAS_SUBUNIT
annex-xii.a.b,annex-xii.a.b.c,HAS_SUBUNIT
annex-xii.a.b.c,annex-xii.a.b.c.d,HAS_SUBUNIT
annex-xii.a.b.c.d,annex-xii.a.b.c.d.e,HAS_SUBUNIT
annex-xii.a.b.c.d.e,annex-xii.a.b.c.d.e.f,HAS_SUBUNIT
annex-xii.a.b.c.d.e.f,annex-xii.a.b.c.d.e.f.g,HAS_SUBUNIT
annex-xii.a.b.c.d.e.f.g,annex-xii.a.b.c.d.e.f.g.h,HAS_SUBUNIT
annex-xii.a.b.c.d.e.f.g.h,annex-xii.a.b.c.d.e.f.g.h.a,HAS_SUBUNIT
annex-xii.a.b.c.d.e.f.g.h.a,annex-xii.a.b.c.d.e.f.g.h.a.b,HAS_SUBUNIT
annex-xii.a.b.c.d.e.f.g.h.a.b,annex-xii.a.b.c.d.e.f.g.h.a.b.c,HAS_SUBUNIT
annex-xii.a.b.c.d.e.f.g.h.a.b.c,annex-xii.a.b.c.d.e.f.g.h.a.b.c.d,HAS_SUBUNIT
annex-xii.a.b.c.d.e.f.g.h.a.b.c.d,annex-xii.a.b.c.d.e.f.g.h.a.b.c.d.e,HAS_SUBUNIT
annex-xii.a.b.c.d.e.f.g.h.a.b.c.d.e,annex-xii.a.b.c.d.e.f.g.h.a.b.c.d.e.f,HAS_SUBUNIT
annex-xii.a.b.c.d.e.f.g.h.a.b.c.d.e.f,annex-xii.a.b.c.d.e.f.g.h.a.b.c.d.e.f.g,HAS_SUBUNIT
annex-xii.a.b.c.d.e.f.g.h.a.b.c.d.e.f.g,annex-xii.a.b.c.d.e.f.g.h.a.b.c.d.e.f.g.h,HAS_SUBUNIT
annex-xii.a.b.c.d.e.f.g.h.a.b.c.d.e.f.g.h,annex-xii.a.b.c.d.e.f.g.h.a.b.c.d.e.f.g.h.2,HAS_SUBUNIT
annex-xii.a.b.c.d.e.f.g.h.a.b.c.d.e.f.g.h.2,annex-xii.a.b.c.d.e.f.g.h.a.b.c.d.e.f.g.h.2.a,HAS_SUBUNIT
annex-xii.a.b.c.d.e.f.g.h.a.b.c.d.e.f.g.h.2.a,annex-xii.a.b.c.d.e.f.g.h.a.b.c.d.e.f.g.h.2.a.b,HAS_SUBUNIT
annex-xii.a.b.c.d.e.f.g.h.a.b.c.d.e.f.g.h.2.a.b,annex-xii.a.b.c.d.e.f.g.h.a.b.c.d.e.f.g.h.2.a.b.c,HAS_SUBUNIT
annex-xii.a.b.c.d.e.f.g.h.a.b.c.d.e.f.g.h.2.a.b.c,annex-xii.a.b.c.d.e.f.g.h.a.b.c.d.e.f.g.h.2.a.b.c.a,HAS_SUBUNIT
annex-xii.a.b.c.d.e.f.g.h.a.b.c.d.e.f.g.h.2.a.b.c.a,annex-xii.a.b.c.d.e.f.g.h.a.b.c.d.e.f.g.h.2.a.b.c.a.b,HAS_SUBUNIT
annex-xii.a.b.c.d.e.f.g.h.a.b.c.d.e.f.g.h.2.a.b.c.a.b,annex-xii.a.b.c.d.e.f.g.h.a.b.c.d.e.f.g.h.2.a.b.c.a.b.c,HAS_SUBUNIT
annex-xiii,annex-xiii.b,HAS_SUBUNIT
annex-xiii.b,annex-xiii.b.c,HAS_SUBUNIT
annex-xiii.b.c,annex-xiii.b.c.d,HAS_SUBUNIT
annex-xiii.b.c.d,annex-xiii.b.c.d.e,HAS_SUBUNIT
annex-xiii.b.c.d.e,annex-xiii.b.c.d.e.f,HAS_SUBUNIT
annex-xiii.b.c.d.e.f,annex-xiii.b.c.d.e.f.g,HAS_SUBUNIT
annex-xiv,annex-xiv.2-list-of-codes-categories-and-corresponding-ai-systems,HAS_SUBUNIT
annex-xiv.2-list-of-codes-categories-and-corresponding-ai-systems,annex-xiv.2-list-of-codes-categories-and-corresponding-ai-systems.a-ai-systems-subject-to-annex-i,HAS_SUBUNIT
annex-xiv.2-list-of-codes-categories-and-corresponding-ai-systems.a-ai-systems-subject-to-annex-i,annex-xiv.2-list-of-codes-categories-and-corresponding-ai-systems.a-ai-systems-subject-to-annex-i.b-ai-systems-subject-to-point-1-of-annex-iii,HAS_SUBUNIT
annex-xiv.2-list-of-codes-categories-and-corresponding-ai-systems.a-ai-systems-subject-to-annex-i.b-ai-systems-subject-to-point-1-of-annex-iii,annex-xiv.3-ai-technology-specific-codes,HAS_SUBUNIT
annex-xiv.3-ai-technology-specific-codes,annex-xiv.3-ai-technology-specific-codes.a-symbolic-ai-and-expert-systems,HAS_SUBUNIT
annex-xiv.3-ai-technology-specific-codes.a-symbolic-ai-and-expert-systems,annex-xiv.3-ai-technology-specific-codes.a-symbolic-ai-and-expert-systems.b-machine-learning-excluding-generative-ai-and-general-purpose-ai-systems,HAS_SUBUNIT
annex-xiv.3-ai-technology-specific-codes.a-symbolic-ai-and-expert-systems.b-machine-learning-excluding-generative-ai-and-general-purpose-ai-systems,annex-xiv.3-ai-technology-specific-codes.a-symbolic-ai-and-expert-systems.b-machine-learning-excluding-generative-ai-and-general-purpose-ai-systems.c-ai-systems-based-on-general-purpose-ai-models-or-generative-ai,HAS_SUBUNIT
annex-xiv.3-ai-technology-specific-codes.a-symbolic-ai-and-expert-systems.b-machine-learning-excluding-generative-ai-and-general-purpose-ai-systems.c-ai-systems-based-on-general-purpose-ai-models-or-generative-ai,annex-xiv.3-ai-technology-specific-codes.a-symbolic-ai-and-expert-systems.b-machine-learning-excluding-generative-ai-and-general-purpose-ai-systems.c-ai-systems-based-on-general-purpose-ai-models-or-generative-ai.d-emerging-ai-technologies,HAS_SUBUNIT
annex-xiv.3-ai-technology-specific-codes.a-symbolic-ai-and-expert-systems.b-machine-learning-excluding-generative-ai-and-general-purpose-ai-systems.c-ai-systems-based-on-general-purpose-ai-models-or-generative-ai.d-emerging-ai-technologies,annex-xiv.4-application-for-designation,HAS_SUBUNIT
article-3,def-ai-system,DEFINES
article-3,def-risk,DEFINES
article-3,def-provider,DEFINES
def-provider,actor-provider,IS_ROLE_OF
article-3,def-deployer,DEFINES
def-deployer,actor-deployer,IS_ROLE_OF
article-3,def-authorised-representative,DEFINES
def-authorised-representative,actor-authorised-representative,IS_ROLE_OF
article-3,def-importer,DEFINES
def-importer,actor-importer,IS_ROLE_OF
article-3,def-distributor,DEFINES
def-distributor,actor-distributor,IS_ROLE_OF
article-3,def-operator,DEFINES
article-3,def-placing-on-the-market,DEFINES
article-3,def-making-available-on-the-market,DEFINES
article-3,def-putting-into-service,DEFINES
article-3,def-intended-purpose,DEFINES
article-3,def-reasonably-foreseeable-misuse,DEFINES
article-3,def-safety-component,DEFINES
article-3,def-sme,DEFINES
article-3,def-smc,DEFINES
article-3,def-instructions-for-use,DEFINES
article-3,def-recall-of-an-ai-system,DEFINES
article-3,def-withdrawal-of-an-ai-system,DEFINES
article-3,def-performance-of-an-ai-system,DEFINES
article-3,def-notifying-authority,DEFINES
article-3,def-conformity-assessment,DEFINES
article-3,def-conformity-assessment-body,DEFINES
article-3,def-notified-body,DEFINES
article-3,def-substantial-modification,DEFINES
article-3,def-ce-marking,DEFINES
article-3,def-post-market-monitoring-system,DEFINES
article-3,def-market-surveillance-authority,DEFINES
article-3,def-harmonised-standard,DEFINES
article-3,def-common-specification,DEFINES
article-3,def-training-data,DEFINES
article-3,def-validation-data,DEFINES
article-3,def-validation-data-set,DEFINES
article-3,def-testing-data,DEFINES
article-3,def-input-data,DEFINES
article-3,def-biometric-data,DEFINES
article-3,def-biometric-identification,DEFINES
article-3,def-biometric-verification,DEFINES
article-3,def-special-categories-of-personal-data,DEFINES
article-3,def-sensitive-operational-data,DEFINES
article-3,def-emotion-recognition-system,DEFINES
article-3,def-biometric-categorisation-system,DEFINES
article-3,def-remote-biometric-identification-system,DEFINES
article-3,def-real-time-remote-biometric-identification-system,DEFINES
article-3,def-post-remote-biometric-identification-system,DEFINES
article-3,def-publicly-accessible-space,DEFINES
article-3,def-law-enforcement,DEFINES
article-3,def-ai-office,DEFINES
article-3,def-national-competent-authority,DEFINES
article-3,def-serious-incident,DEFINES
article-3,def-personal-data,DEFINES
article-3,def-non-personal-data,DEFINES
article-3,def-profiling,DEFINES
article-3,def-real-world-testing-plan,DEFINES
article-3,def-sandbox-plan,DEFINES
article-3,def-ai-regulatory-sandbox,DEFINES
article-3,def-ai-literacy,DEFINES
article-3,def-testing-in-real-world-conditions,DEFINES
article-3,def-informed-consent,DEFINES
article-3,def-deep-fake,DEFINES
article-3,def-widespread-infringement,DEFINES
article-3,def-critical-infrastructure,DEFINES
article-3,def-general-purpose-ai-model,DEFINES
article-3,def-high-impact-capabilities,DEFINES
article-3,def-systemic-risk,DEFINES
article-3,def-general-purpose-ai-system,DEFINES
article-3,def-floating-point-operation,DEFINES
article-1,risk-high,CLASSIFIES_AS
article-10,obligation-article-10-0,HAS_OBLIGATION
article-10,obligation-article-10-1,HAS_OBLIGATION
article-10,obligation-article-10-2,HAS_OBLIGATION
article-10,obligation-article-10-3,HAS_OBLIGATION
article-10,obligation-article-10-4,HAS_OBLIGATION
article-10,obligation-article-10-5,HAS_OBLIGATION
article-10,obligation-article-10-6,HAS_OBLIGATION
article-10,risk-high,CLASSIFIES_AS
article-100,article-5,REFERENCES
article-100,article-5,REFERENCES
article-100,obligation-article-100-0,HAS_OBLIGATION
article-100,obligation-article-100-1,HAS_OBLIGATION
article-100,obligation-article-100-2,HAS_OBLIGATION
article-100,obligation-article-100-3,HAS_OBLIGATION
article-100,obligation-article-100-4,HAS_OBLIGATION
article-100,obligation-article-100-5,HAS_OBLIGATION
article-100,obligation-article-100-6,HAS_OBLIGATION
article-100,obligation-article-100-7,HAS_OBLIGATION
article-100,obligation-article-100-8,HAS_OBLIGATION
article-100,obligation-article-100-9,HAS_OBLIGATION
article-100,obligation-article-100-10,HAS_OBLIGATION
article-101,article-91,REFERENCES
article-101,article-93,REFERENCES
article-101,article-92,REFERENCES
article-101,article-93,REFERENCES
article-101,article-56,REFERENCES
article-101,article-98,REFERENCES
article-101,obligation-article-101-0,HAS_OBLIGATION
article-101,obligation-article-101-1,HAS_OBLIGATION
article-101,obligation-article-101-2,HAS_OBLIGATION
obligation-article-101-2,actor-provider,IMPOSES_ON
article-101,obligation-article-101-3,HAS_OBLIGATION
article-101,obligation-article-101-4,HAS_OBLIGATION
article-101,obligation-article-101-5,HAS_OBLIGATION
article-101,obligation-article-101-6,HAS_OBLIGATION
article-101,obligation-article-101-7,HAS_OBLIGATION
article-102,article-4,REFERENCES
article-102,obligation-article-102-0,HAS_OBLIGATION
article-103,article-17,REFERENCES
article-103,obligation-article-103-0,HAS_OBLIGATION
article-104,article-22,REFERENCES
article-104,obligation-article-104-0,HAS_OBLIGATION
article-105,article-8,REFERENCES
article-105,obligation-article-105-0,HAS_OBLIGATION
article-106,article-5,REFERENCES
article-106,obligation-article-106-0,HAS_OBLIGATION
article-107,article-5,REFERENCES
article-107,obligation-article-107-0,HAS_OBLIGATION
article-108,article-17,REFERENCES
article-108,article-19,REFERENCES
article-108,article-43,REFERENCES
article-108,article-47,REFERENCES
article-108,article-57,REFERENCES
article-108,article-58,REFERENCES
article-108,obligation-article-108-0,HAS_OBLIGATION
article-108,obligation-article-108-1,HAS_OBLIGATION
article-108,obligation-article-108-2,HAS_OBLIGATION
article-108,obligation-article-108-3,HAS_OBLIGATION
article-108,obligation-article-108-4,HAS_OBLIGATION
article-108,obligation-article-108-5,HAS_OBLIGATION
article-109,article-11,REFERENCES
article-109,obligation-article-109-0,HAS_OBLIGATION
article-11,article-97,REFERENCES
article-11,annex-iv,REFERENCES
article-11,annex-iv,REFERENCES
article-11,annex-iv,REFERENCES
article-11,annex-i,REFERENCES
article-11,annex-iv,REFERENCES
article-11,obligation-article-11-0,HAS_OBLIGATION
article-11,obligation-article-11-1,HAS_OBLIGATION
article-11,obligation-article-11-2,HAS_OBLIGATION
article-11,obligation-article-11-3,HAS_OBLIGATION
article-11,obligation-article-11-4,HAS_OBLIGATION
article-11,obligation-article-11-5,HAS_OBLIGATION
article-11,obligation-article-11-6,HAS_OBLIGATION
article-11,risk-high,CLASSIFIES_AS
article-110,annex-i,REFERENCES
article-111,article-5,REFERENCES
article-111,article-113,REFERENCES
article-111,article-5,REFERENCES
article-111,article-113,REFERENCES
article-111,article-113,REFERENCES
article-111,article-50,REFERENCES
article-111,annex-x,REFERENCES
article-111,annex-x,REFERENCES
article-111,obligation-article-111-0,HAS_OBLIGATION
article-111,obligation-article-111-1,HAS_OBLIGATION
article-111,obligation-article-111-2,HAS_OBLIGATION
article-111,obligation-article-111-3,HAS_OBLIGATION
obligation-article-111-3,actor-provider,IMPOSES_ON
article-111,obligation-article-111-4,HAS_OBLIGATION
obligation-article-111-4,actor-provider,IMPOSES_ON
article-111,obligation-article-111-5,HAS_OBLIGATION
obligation-article-111-5,actor-provider,IMPOSES_ON
article-111,risk-high,CLASSIFIES_AS
article-112,article-5,REFERENCES
article-112,article-97,REFERENCES
article-112,article-50,REFERENCES
article-112,article-99,REFERENCES
article-112,article-5,REFERENCES
article-112,article-50,REFERENCES
article-112,annex-iii,REFERENCES
article-112,annex-iii,REFERENCES
article-112,annex-iii,REFERENCES
article-112,annex-i,REFERENCES
article-112,obligation-article-112-0,HAS_OBLIGATION
article-112,obligation-article-112-1,HAS_OBLIGATION
article-112,obligation-article-112-2,HAS_OBLIGATION
article-112,obligation-article-112-3,HAS_OBLIGATION
article-112,obligation-article-112-4,HAS_OBLIGATION
article-112,obligation-article-112-5,HAS_OBLIGATION
article-112,obligation-article-112-6,HAS_OBLIGATION
article-112,obligation-article-112-7,HAS_OBLIGATION
article-112,obligation-article-112-8,HAS_OBLIGATION
article-112,obligation-article-112-9,HAS_OBLIGATION
article-112,obligation-article-112-10,HAS_OBLIGATION
article-112,obligation-article-112-11,HAS_OBLIGATION
article-112,obligation-article-112-12,HAS_OBLIGATION
article-112,obligation-article-112-13,HAS_OBLIGATION
article-112,obligation-article-112-14,HAS_OBLIGATION
article-112,obligation-article-112-15,HAS_OBLIGATION
article-112,obligation-article-112-16,HAS_OBLIGATION
article-112,obligation-article-112-17,HAS_OBLIGATION
article-112,obligation-article-112-18,HAS_OBLIGATION
article-112,obligation-article-112-19,HAS_OBLIGATION
article-112,risk-unacceptable,CLASSIFIES_AS
article-112,risk-high,CLASSIFIES_AS
article-113,article-5,REFERENCES
article-113,article-5,REFERENCES
article-113,article-78,REFERENCES
article-113,article-101,REFERENCES
article-113,article-6,REFERENCES
article-113,article-6,REFERENCES
article-113,article-6,REFERENCES
article-113,annex-iii,REFERENCES
article-113,annex-i,REFERENCES
article-113,obligation-article-113-0,HAS_OBLIGATION
article-113,obligation-article-113-1,HAS_OBLIGATION
article-113,obligation-article-113-2,HAS_OBLIGATION
article-113,risk-high,CLASSIFIES_AS
article-12,article-79,REFERENCES
article-12,article-72,REFERENCES
article-12,article-26,REFERENCES
article-12,article-14,REFERENCES
article-12,annex-iii,REFERENCES
article-12,obligation-article-12-0,HAS_OBLIGATION
article-12,obligation-article-12-1,HAS_OBLIGATION
article-12,obligation-article-12-2,HAS_OBLIGATION
article-12,risk-high,CLASSIFIES_AS
article-13,article-15,REFERENCES
article-13,article-9,REFERENCES
article-13,article-14,REFERENCES
article-13,article-12,REFERENCES
article-13,obligation-article-13-0,HAS_OBLIGATION
obligation-article-13-0,actor-deployer,IMPOSES_ON
article-13,obligation-article-13-1,HAS_OBLIGATION
obligation-article-13-1,actor-provider,IMPOSES_ON
article-13,obligation-article-13-2,HAS_OBLIGATION
obligation-article-13-2,actor-deployer,IMPOSES_ON
article-13,obligation-article-13-3,HAS_OBLIGATION
obligation-article-13-3,actor-provider,IMPOSES_ON
article-13,risk-high,CLASSIFIES_AS
article-14,annex-iii,REFERENCES
article-14,obligation-article-14-0,HAS_OBLIGATION
article-14,obligation-article-14-1,HAS_OBLIGATION
article-14,obligation-article-14-2,HAS_OBLIGATION
obligation-article-14-2,actor-provider,IMPOSES_ON
article-14,obligation-article-14-3,HAS_OBLIGATION
obligation-article-14-3,actor-deployer,IMPOSES_ON
article-14,obligation-article-14-4,HAS_OBLIGATION
obligation-article-14-4,actor-deployer,IMPOSES_ON
article-14,obligation-article-14-5,HAS_OBLIGATION
article-14,risk-high,CLASSIFIES_AS
article-15,obligation-article-15-0,HAS_OBLIGATION
article-15,obligation-article-15-1,HAS_OBLIGATION
article-15,obligation-article-15-2,HAS_OBLIGATION
article-15,obligation-article-15-3,HAS_OBLIGATION
article-15,obligation-article-15-4,HAS_OBLIGATION
article-15,obligation-article-15-5,HAS_OBLIGATION
article-15,obligation-article-15-6,HAS_OBLIGATION
article-15,obligation-article-15-7,HAS_OBLIGATION
article-15,obligation-article-15-8,HAS_OBLIGATION
article-15,risk-high,CLASSIFIES_AS
article-16,article-17,REFERENCES
article-16,article-18,REFERENCES
article-16,article-19,REFERENCES
article-16,article-43,REFERENCES
article-16,article-47,REFERENCES
article-16,article-48,REFERENCES
article-16,article-49,REFERENCES
article-16,article-20,REFERENCES
article-16,obligation-article-16-0,HAS_OBLIGATION
obligation-article-16-0,actor-provider,IMPOSES_ON
article-16,risk-high,CLASSIFIES_AS
article-17,article-9,REFERENCES
article-17,article-72,REFERENCES
article-17,article-73,REFERENCES
article-17,article-40,REFERENCES
article-17,obligation-article-17-0,HAS_OBLIGATION
obligation-article-17-0,actor-provider,IMPOSES_ON
article-17,obligation-article-17-1,HAS_OBLIGATION
article-17,obligation-article-17-2,HAS_OBLIGATION
obligation-article-17-2,actor-provider,IMPOSES_ON
article-17,obligation-article-17-3,HAS_OBLIGATION
obligation-article-17-3,actor-provider,IMPOSES_ON
article-17,obligation-article-17-4,HAS_OBLIGATION
obligation-article-17-4,actor-provider,IMPOSES_ON
article-17,obligation-article-17-5,HAS_OBLIGATION
article-17,risk-high,CLASSIFIES_AS
article-18,article-11,REFERENCES
article-18,article-17,REFERENCES
article-18,article-47,REFERENCES
article-18,obligation-article-18-0,HAS_OBLIGATION
obligation-article-18-0,actor-provider,IMPOSES_ON
article-18,obligation-article-18-1,HAS_OBLIGATION
obligation-article-18-1,actor-provider,IMPOSES_ON
article-18,obligation-article-18-2,HAS_OBLIGATION
obligation-article-18-2,actor-provider,IMPOSES_ON
article-18,risk-high,CLASSIFIES_AS
article-19,article-12,REFERENCES
article-19,obligation-article-19-0,HAS_OBLIGATION
obligation-article-19-0,actor-provider,IMPOSES_ON
article-19,obligation-article-19-1,HAS_OBLIGATION
article-19,obligation-article-19-2,HAS_OBLIGATION
obligation-article-19-2,actor-provider,IMPOSES_ON
article-19,risk-high,CLASSIFIES_AS
article-2,article-6,REFERENCES
article-2,article-6,REFERENCES
article-2,article-5,REFERENCES
article-2,article-6,REFERENCES
article-2,article-97,REFERENCES
article-2,annex-i,REFERENCES
article-2,annex-i,REFERENCES
article-2,obligation-article-2-0,HAS_OBLIGATION
article-2,obligation-article-2-1,HAS_OBLIGATION
article-2,obligation-article-2-2,HAS_OBLIGATION
article-2,obligation-article-2-3,HAS_OBLIGATION
obligation-article-2-3,actor-provider,IMPOSES_ON
article-2,obligation-article-2-4,HAS_OBLIGATION
article-2,obligation-article-2-5,HAS_OBLIGATION
article-2,obligation-article-2-6,HAS_OBLIGATION
article-2,obligation-article-2-7,HAS_OBLIGATION
article-2,risk-high,CLASSIFIES_AS
article-20,article-79,REFERENCES
article-20,article-44,REFERENCES
article-20,obligation-article-20-0,HAS_OBLIGATION
obligation-article-20-0,actor-provider,IMPOSES_ON
article-20,obligation-article-20-1,HAS_OBLIGATION
obligation-article-20-1,actor-deployer,IMPOSES_ON
article-20,obligation-article-20-2,HAS_OBLIGATION
obligation-article-20-2,actor-provider,IMPOSES_ON
article-20,risk-high,CLASSIFIES_AS
article-21,article-12,REFERENCES
article-21,article-78,REFERENCES
article-21,obligation-article-21-0,HAS_OBLIGATION
obligation-article-21-0,actor-provider,IMPOSES_ON
article-21,obligation-article-21-1,HAS_OBLIGATION
obligation-article-21-1,actor-provider,IMPOSES_ON
article-21,obligation-article-21-2,HAS_OBLIGATION
article-21,risk-high,CLASSIFIES_AS
article-22,article-47,REFERENCES
article-22,article-11,REFERENCES
article-22,article-74,REFERENCES
article-22,article-47,REFERENCES
article-22,article-12,REFERENCES
article-22,article-49,REFERENCES
article-22,annex-viii,REFERENCES
article-22,obligation-article-22-0,HAS_OBLIGATION
obligation-article-22-0,actor-provider,IMPOSES_ON
article-22,obligation-article-22-1,HAS_OBLIGATION
obligation-article-22-1,actor-provider,IMPOSES_ON
article-22,obligation-article-22-2,HAS_OBLIGATION
obligation-article-22-2,actor-provider,IMPOSES_ON
article-22,obligation-article-22-3,HAS_OBLIGATION
article-22,obligation-article-22-4,HAS_OBLIGATION
obligation-article-22-4,actor-provider,IMPOSES_ON
article-22,obligation-article-22-5,HAS_OBLIGATION
obligation-article-22-5,actor-provider,IMPOSES_ON
article-22,obligation-article-22-6,HAS_OBLIGATION
obligation-article-22-6,actor-provider,IMPOSES_ON
article-22,obligation-article-22-7,HAS_OBLIGATION
article-22,risk-high,CLASSIFIES_AS
article-23,article-43,REFERENCES
article-23,article-11,REFERENCES
article-23,article-47,REFERENCES
article-23,article-22,REFERENCES
article-23,article-79,REFERENCES
article-23,article-47,REFERENCES
article-23,annex-iv,REFERENCES
article-23,obligation-article-23-0,HAS_OBLIGATION
obligation-article-23-0,actor-provider,IMPOSES_ON
article-23,obligation-article-23-1,HAS_OBLIGATION
obligation-article-23-1,actor-importer,IMPOSES_ON
article-23,obligation-article-23-2,HAS_OBLIGATION
obligation-article-23-2,actor-provider,IMPOSES_ON
article-23,obligation-article-23-3,HAS_OBLIGATION
obligation-article-23-3,actor-importer,IMPOSES_ON
article-23,obligation-article-23-4,HAS_OBLIGATION
obligation-article-23-4,actor-importer,IMPOSES_ON
article-23,obligation-article-23-5,HAS_OBLIGATION
obligation-article-23-5,actor-importer,IMPOSES_ON
article-23,obligation-article-23-6,HAS_OBLIGATION
obligation-article-23-6,actor-importer,IMPOSES_ON
article-23,obligation-article-23-7,HAS_OBLIGATION
article-23,obligation-article-23-8,HAS_OBLIGATION
obligation-article-23-8,actor-importer,IMPOSES_ON
article-23,risk-high,CLASSIFIES_AS
article-24,article-47,REFERENCES
article-24,article-16,REFERENCES
article-24,article-23,REFERENCES
article-24,article-79,REFERENCES
article-24,article-79,REFERENCES
article-24,obligation-article-24-0,HAS_OBLIGATION
obligation-article-24-0,actor-provider,IMPOSES_ON
article-24,obligation-article-24-1,HAS_OBLIGATION
obligation-article-24-1,actor-distributor,IMPOSES_ON
article-24,obligation-article-24-2,HAS_OBLIGATION
obligation-article-24-2,actor-provider,IMPOSES_ON
article-24,obligation-article-24-3,HAS_OBLIGATION
obligation-article-24-3,actor-distributor,IMPOSES_ON
article-24,obligation-article-24-4,HAS_OBLIGATION
obligation-article-24-4,actor-provider,IMPOSES_ON
article-24,obligation-article-24-5,HAS_OBLIGATION
obligation-article-24-5,actor-provider,IMPOSES_ON
article-24,obligation-article-24-6,HAS_OBLIGATION
obligation-article-24-6,actor-distributor,IMPOSES_ON
article-24,obligation-article-24-7,HAS_OBLIGATION
obligation-article-24-7,actor-distributor,IMPOSES_ON
article-24,risk-high,CLASSIFIES_AS
article-25,article-16,REFERENCES
article-25,article-6,REFERENCES
article-25,article-6,REFERENCES
article-25,article-16,REFERENCES
article-25,article-16,REFERENCES
article-25,annex-i,REFERENCES
article-25,obligation-article-25-0,HAS_OBLIGATION
obligation-article-25-0,actor-provider,IMPOSES_ON
article-25,obligation-article-25-1,HAS_OBLIGATION
obligation-article-25-1,actor-provider,IMPOSES_ON
article-25,obligation-article-25-2,HAS_OBLIGATION
obligation-article-25-2,actor-provider,IMPOSES_ON
article-25,obligation-article-25-3,HAS_OBLIGATION
obligation-article-25-3,actor-provider,IMPOSES_ON
article-25,obligation-article-25-4,HAS_OBLIGATION
obligation-article-25-4,actor-provider,IMPOSES_ON
article-25,obligation-article-25-5,HAS_OBLIGATION
obligation-article-25-5,actor-provider,IMPOSES_ON
article-25,obligation-article-25-6,HAS_OBLIGATION
obligation-article-25-6,actor-provider,IMPOSES_ON
article-25,obligation-article-25-7,HAS_OBLIGATION
article-25,obligation-article-25-8,HAS_OBLIGATION
article-25,obligation-article-25-9,HAS_OBLIGATION
article-25,risk-high,CLASSIFIES_AS
article-26,article-72,REFERENCES
article-26,article-79,REFERENCES
article-26,article-73,REFERENCES
article-26,article-49,REFERENCES
article-26,article-71,REFERENCES
article-26,article-13,REFERENCES
article-26,article-35,REFERENCES
article-26,article-27,REFERENCES
article-26,article-9,REFERENCES
article-26,article-10,REFERENCES
article-26,article-50,REFERENCES
article-26,article-13,REFERENCES
article-26,annex-iii,REFERENCES
article-26,obligation-article-26-0,HAS_OBLIGATION
obligation-article-26-0,actor-deployer,IMPOSES_ON
article-26,obligation-article-26-1,HAS_OBLIGATION
obligation-article-26-1,actor-deployer,IMPOSES_ON
article-26,obligation-article-26-2,HAS_OBLIGATION
obligation-article-26-2,actor-deployer,IMPOSES_ON
article-26,obligation-article-26-3,HAS_OBLIGATION
obligation-article-26-3,actor-provider,IMPOSES_ON
article-26,obligation-article-26-4,HAS_OBLIGATION
obligation-article-26-4,actor-provider,IMPOSES_ON
article-26,obligation-article-26-5,HAS_OBLIGATION
obligation-article-26-5,actor-provider,IMPOSES_ON
article-26,obligation-article-26-6,HAS_OBLIGATION
obligation-article-26-6,actor-provider,IMPOSES_ON
article-26,obligation-article-26-7,HAS_OBLIGATION
obligation-article-26-7,actor-deployer,IMPOSES_ON
article-26,obligation-article-26-8,HAS_OBLIGATION
obligation-article-26-8,actor-deployer,IMPOSES_ON
article-26,obligation-article-26-9,HAS_OBLIGATION
obligation-article-26-9,actor-deployer,IMPOSES_ON
article-26,obligation-article-26-10,HAS_OBLIGATION
obligation-article-26-10,actor-deployer,IMPOSES_ON
article-26,obligation-article-26-11,HAS_OBLIGATION
obligation-article-26-11,actor-deployer,IMPOSES_ON
article-26,obligation-article-26-12,HAS_OBLIGATION
article-26,obligation-article-26-13,HAS_OBLIGATION
obligation-article-26-13,actor-deployer,IMPOSES_ON
article-26,obligation-article-26-14,HAS_OBLIGATION
obligation-article-26-14,actor-provider,IMPOSES_ON
article-26,obligation-article-26-15,HAS_OBLIGATION
obligation-article-26-15,actor-deployer,IMPOSES_ON
article-26,obligation-article-26-16,HAS_OBLIGATION
obligation-article-26-16,actor-deployer,IMPOSES_ON
article-26,obligation-article-26-17,HAS_OBLIGATION
article-26,obligation-article-26-18,HAS_OBLIGATION
article-26,obligation-article-26-19,HAS_OBLIGATION
article-26,obligation-article-26-20,HAS_OBLIGATION
article-26,obligation-article-26-21,HAS_OBLIGATION
obligation-article-26-21,actor-deployer,IMPOSES_ON
article-26,obligation-article-26-22,HAS_OBLIGATION
article-26,obligation-article-26-23,HAS_OBLIGATION
obligation-article-26-23,actor-deployer,IMPOSES_ON
article-26,obligation-article-26-24,HAS_OBLIGATION
obligation-article-26-24,actor-deployer,IMPOSES_ON
article-26,obligation-article-26-25,HAS_OBLIGATION
article-26,obligation-article-26-26,HAS_OBLIGATION
obligation-article-26-26,actor-deployer,IMPOSES_ON
article-26,risk-high,CLASSIFIES_AS
article-27,article-6,REFERENCES
article-27,article-13,REFERENCES
article-27,article-46,REFERENCES
article-27,article-35,REFERENCES
article-27,annex-iii,REFERENCES
article-27,annex-iii,REFERENCES
article-27,obligation-article-27-0,HAS_OBLIGATION
obligation-article-27-0,actor-deployer,IMPOSES_ON
article-27,obligation-article-27-1,HAS_OBLIGATION
obligation-article-27-1,actor-provider,IMPOSES_ON
article-27,obligation-article-27-2,HAS_OBLIGATION
obligation-article-27-2,actor-deployer,IMPOSES_ON
article-27,obligation-article-27-3,HAS_OBLIGATION
obligation-article-27-3,actor-deployer,IMPOSES_ON
article-27,obligation-article-27-4,HAS_OBLIGATION
obligation-article-27-4,actor-deployer,IMPOSES_ON
article-27,obligation-article-27-5,HAS_OBLIGATION
obligation-article-27-5,actor-deployer,IMPOSES_ON
article-27,risk-high,CLASSIFIES_AS
article-28,article-78,REFERENCES
article-28,annex-i,REFERENCES
article-28,annex-i,REFERENCES
article-28,annex-i,REFERENCES
article-28,annex-i,REFERENCES
article-28,annex-i,REFERENCES
article-28,annex-i,REFERENCES
article-28,annex-i,REFERENCES
article-28,annex-i,REFERENCES
article-28,annex-i,REFERENCES
article-28,obligation-article-28-0,HAS_OBLIGATION
article-28,obligation-article-28-1,HAS_OBLIGATION
article-28,obligation-article-28-2,HAS_OBLIGATION
article-28,obligation-article-28-3,HAS_OBLIGATION
article-28,obligation-article-28-4,HAS_OBLIGATION
article-28,obligation-article-28-5,HAS_OBLIGATION
article-28,obligation-article-28-6,HAS_OBLIGATION
article-28,obligation-article-28-7,HAS_OBLIGATION
article-28,obligation-article-28-8,HAS_OBLIGATION
article-28,obligation-article-28-9,HAS_OBLIGATION
article-28,obligation-article-28-10,HAS_OBLIGATION
article-28,obligation-article-28-11,HAS_OBLIGATION
article-28,obligation-article-28-12,HAS_OBLIGATION
article-28,obligation-article-28-13,HAS_OBLIGATION
article-29,article-31,REFERENCES
article-29,article-31,REFERENCES
article-29,article-28,REFERENCES
article-29,article-31,REFERENCES
article-29,annex-i,REFERENCES
article-29,obligation-article-29-0,HAS_OBLIGATION
article-29,obligation-article-29-1,HAS_OBLIGATION
article-29,obligation-article-29-2,HAS_OBLIGATION
article-29,obligation-article-29-3,HAS_OBLIGATION
article-29,obligation-article-29-4,HAS_OBLIGATION
article-29,obligation-article-29-5,HAS_OBLIGATION
article-3,article-2,REFERENCES
article-3,article-2,REFERENCES
article-3,article-2,REFERENCES
article-3,article-9,REFERENCES
article-3,article-10,REFERENCES
article-3,article-10,REFERENCES
article-3,article-4,REFERENCES
article-3,article-4,REFERENCES
article-3,article-4,REFERENCES
article-3,article-57,REFERENCES
article-3,article-2,REFERENCES
article-3,obligation-article-3-0,HAS_OBLIGATION
obligation-article-3-0,actor-provider,IMPOSES_ON
article-3,risk-high,CLASSIFIES_AS
article-30,article-31,REFERENCES
article-30,article-97,REFERENCES
article-30,article-29,REFERENCES
article-30,article-31,REFERENCES
article-30,article-29,REFERENCES
article-30,article-29,REFERENCES
article-30,annex-xiv,REFERENCES
article-30,annex-xiv,REFERENCES
article-30,obligation-article-30-0,HAS_OBLIGATION
article-30,obligation-article-30-1,HAS_OBLIGATION
article-30,obligation-article-30-2,HAS_OBLIGATION
article-30,obligation-article-30-3,HAS_OBLIGATION
article-30,obligation-article-30-4,HAS_OBLIGATION
article-30,obligation-article-30-5,HAS_OBLIGATION
article-31,article-78,REFERENCES
article-31,article-38,REFERENCES
article-31,obligation-article-31-0,HAS_OBLIGATION
article-31,obligation-article-31-1,HAS_OBLIGATION
article-31,obligation-article-31-2,HAS_OBLIGATION
article-31,obligation-article-31-3,HAS_OBLIGATION
obligation-article-31-3,actor-provider,IMPOSES_ON
article-31,obligation-article-31-4,HAS_OBLIGATION
obligation-article-31-4,actor-provider,IMPOSES_ON
article-31,obligation-article-31-5,HAS_OBLIGATION
article-31,obligation-article-31-6,HAS_OBLIGATION
article-31,obligation-article-31-7,HAS_OBLIGATION
article-31,obligation-article-31-8,HAS_OBLIGATION
article-31,obligation-article-31-9,HAS_OBLIGATION
article-31,obligation-article-31-10,HAS_OBLIGATION
article-31,obligation-article-31-11,HAS_OBLIGATION
article-31,obligation-article-31-12,HAS_OBLIGATION
article-31,obligation-article-31-13,HAS_OBLIGATION
obligation-article-31-13,actor-provider,IMPOSES_ON
article-31,obligation-article-31-14,HAS_OBLIGATION
article-31,obligation-article-31-15,HAS_OBLIGATION
article-31,obligation-article-31-16,HAS_OBLIGATION
article-31,obligation-article-31-17,HAS_OBLIGATION
article-31,obligation-article-31-18,HAS_OBLIGATION
article-31,obligation-article-31-19,HAS_OBLIGATION
article-31,risk-high,CLASSIFIES_AS
article-32,article-31,REFERENCES
article-32,obligation-article-32-0,HAS_OBLIGATION
article-33,article-31,REFERENCES
article-33,obligation-article-33-0,HAS_OBLIGATION
article-33,obligation-article-33-1,HAS_OBLIGATION
article-33,obligation-article-33-2,HAS_OBLIGATION
article-33,obligation-article-33-3,HAS_OBLIGATION
article-34,article-43,REFERENCES
article-34,article-28,REFERENCES
article-34,obligation-article-34-0,HAS_OBLIGATION
article-34,obligation-article-34-1,HAS_OBLIGATION
obligation-article-34-1,actor-provider,IMPOSES_ON
article-34,obligation-article-34-2,HAS_OBLIGATION
article-34,obligation-article-34-3,HAS_OBLIGATION
obligation-article-34-3,actor-provider,IMPOSES_ON
article-34,risk-high,CLASSIFIES_AS
article-35,obligation-article-35-0,HAS_OBLIGATION
article-35,obligation-article-35-1,HAS_OBLIGATION
article-35,obligation-article-35-2,HAS_OBLIGATION
article-36,article-30,REFERENCES
article-36,article-31,REFERENCES
article-36,article-31,REFERENCES
article-36,obligation-article-36-0,HAS_OBLIGATION
article-36,obligation-article-36-1,HAS_OBLIGATION
article-36,obligation-article-36-2,HAS_OBLIGATION
article-36,obligation-article-36-3,HAS_OBLIGATION
obligation-article-36-3,actor-provider,IMPOSES_ON
article-36,obligation-article-36-4,HAS_OBLIGATION
article-36,obligation-article-36-5,HAS_OBLIGATION
article-36,obligation-article-36-6,HAS_OBLIGATION
article-36,obligation-article-36-7,HAS_OBLIGATION
article-36,obligation-article-36-8,HAS_OBLIGATION
article-36,obligation-article-36-9,HAS_OBLIGATION
article-36,obligation-article-36-10,HAS_OBLIGATION
obligation-article-36-10,actor-provider,IMPOSES_ON
article-36,obligation-article-36-11,HAS_OBLIGATION
article-36,obligation-article-36-12,HAS_OBLIGATION
obligation-article-36-12,actor-provider,IMPOSES_ON
article-36,obligation-article-36-13,HAS_OBLIGATION
obligation-article-36-13,actor-provider,IMPOSES_ON
article-36,obligation-article-36-14,HAS_OBLIGATION
obligation-article-36-14,actor-provider,IMPOSES_ON
article-36,obligation-article-36-15,HAS_OBLIGATION
obligation-article-36-15,actor-provider,IMPOSES_ON
article-36,obligation-article-36-16,HAS_OBLIGATION
article-36,risk-high,CLASSIFIES_AS
article-37,article-31,REFERENCES
article-37,article-78,REFERENCES
article-37,article-98,REFERENCES
article-37,obligation-article-37-0,HAS_OBLIGATION
article-37,obligation-article-37-1,HAS_OBLIGATION
article-37,obligation-article-37-2,HAS_OBLIGATION
article-37,obligation-article-37-3,HAS_OBLIGATION
article-37,obligation-article-37-4,HAS_OBLIGATION
article-38,obligation-article-38-0,HAS_OBLIGATION
article-38,obligation-article-38-1,HAS_OBLIGATION
article-38,obligation-article-38-2,HAS_OBLIGATION
article-38,risk-high,CLASSIFIES_AS
article-39,article-31,REFERENCES
article-4,article-62,REFERENCES
article-4,obligation-article-4-0,HAS_OBLIGATION
obligation-article-4-0,actor-provider,IMPOSES_ON
article-4,obligation-article-4-1,HAS_OBLIGATION
obligation-article-4-1,actor-provider,IMPOSES_ON
article-4,obligation-article-4-2,HAS_OBLIGATION
article-4,obligation-article-4-3,HAS_OBLIGATION
article-40,article-10,REFERENCES
article-40,article-24,REFERENCES
article-40,annex-i,REFERENCES
article-40,annex-i,REFERENCES
article-40,obligation-article-40-0,HAS_OBLIGATION
article-40,obligation-article-40-1,HAS_OBLIGATION
article-40,obligation-article-40-2,HAS_OBLIGATION
article-40,obligation-article-40-3,HAS_OBLIGATION
article-40,obligation-article-40-4,HAS_OBLIGATION
article-40,obligation-article-40-5,HAS_OBLIGATION
article-40,obligation-article-40-6,HAS_OBLIGATION
article-40,obligation-article-40-7,HAS_OBLIGATION
article-40,risk-high,CLASSIFIES_AS
article-41,article-10,REFERENCES
article-41,article-10,REFERENCES
article-41,article-67,REFERENCES
article-41,article-98,REFERENCES
article-41,article-22,REFERENCES
article-41,obligation-article-41-0,HAS_OBLIGATION
article-41,obligation-article-41-1,HAS_OBLIGATION
article-41,obligation-article-41-2,HAS_OBLIGATION
article-41,obligation-article-41-3,HAS_OBLIGATION
article-41,obligation-article-41-4,HAS_OBLIGATION
article-41,obligation-article-41-5,HAS_OBLIGATION
article-41,obligation-article-41-6,HAS_OBLIGATION
obligation-article-41-6,actor-provider,IMPOSES_ON
article-41,obligation-article-41-7,HAS_OBLIGATION
article-41,obligation-article-41-8,HAS_OBLIGATION
article-41,risk-high,CLASSIFIES_AS
article-42,article-10,REFERENCES
article-42,article-15,REFERENCES
article-42,article-12,REFERENCES
article-42,article-15,REFERENCES
article-42,obligation-article-42-0,HAS_OBLIGATION
article-42,obligation-article-42-1,HAS_OBLIGATION
article-42,obligation-article-42-2,HAS_OBLIGATION
article-42,risk-high,CLASSIFIES_AS
article-43,article-40,REFERENCES
article-43,article-41,REFERENCES
article-43,article-40,REFERENCES
article-43,article-41,REFERENCES
article-43,article-74,REFERENCES
article-43,article-17,REFERENCES
article-43,article-31,REFERENCES
article-43,article-28,REFERENCES
article-43,article-41,REFERENCES
article-43,article-6,REFERENCES
article-43,article-97,REFERENCES
article-43,article-97,REFERENCES
article-43,annex-iii,REFERENCES
article-43,annex-vi,REFERENCES
article-43,annex-vii,REFERENCES
article-43,annex-vii,REFERENCES
article-43,annex-vii,REFERENCES
article-43,annex-iii,REFERENCES
article-43,annex-vi,REFERENCES
article-43,annex-i,REFERENCES
article-43,annex-vii,REFERENCES
article-43,annex-i,REFERENCES
article-43,annex-i,REFERENCES
article-43,annex-i,REFERENCES
article-43,annex-i,REFERENCES
article-43,annex-i,REFERENCES
article-43,annex-i,REFERENCES
article-43,annex-iii,REFERENCES
article-43,annex-i,REFERENCES
article-43,annex-iv,REFERENCES
article-43,annex-iii,REFERENCES
article-43,annex-vii,REFERENCES
article-43,annex-vi,REFERENCES
article-43,obligation-article-43-0,HAS_OBLIGATION
obligation-article-43-0,actor-provider,IMPOSES_ON
article-43,obligation-article-43-1,HAS_OBLIGATION
obligation-article-43-1,actor-provider,IMPOSES_ON
article-43,obligation-article-43-2,HAS_OBLIGATION
article-43,obligation-article-43-3,HAS_OBLIGATION
obligation-article-43-3,actor-provider,IMPOSES_ON
article-43,obligation-article-43-4,HAS_OBLIGATION
obligation-article-43-4,actor-provider,IMPOSES_ON
article-43,obligation-article-43-5,HAS_OBLIGATION
article-43,obligation-article-43-6,HAS_OBLIGATION
article-43,obligation-article-43-7,HAS_OBLIGATION
article-43,obligation-article-43-8,HAS_OBLIGATION
article-43,obligation-article-43-9,HAS_OBLIGATION
article-43,obligation-article-43-10,HAS_OBLIGATION
obligation-article-43-10,actor-provider,IMPOSES_ON
article-43,obligation-article-43-11,HAS_OBLIGATION
obligation-article-43-11,actor-deployer,IMPOSES_ON
article-43,obligation-article-43-12,HAS_OBLIGATION
obligation-article-43-12,actor-provider,IMPOSES_ON
article-43,obligation-article-43-13,HAS_OBLIGATION
article-43,risk-high,CLASSIFIES_AS
article-44,annex-vii,REFERENCES
article-44,annex-i,REFERENCES
article-44,annex-iii,REFERENCES
article-44,annex-i,REFERENCES
article-44,annex-iii,REFERENCES
article-44,obligation-article-44-0,HAS_OBLIGATION
article-44,obligation-article-44-1,HAS_OBLIGATION
article-44,obligation-article-44-2,HAS_OBLIGATION
article-44,obligation-article-44-3,HAS_OBLIGATION
obligation-article-44-3,actor-provider,IMPOSES_ON
article-44,obligation-article-44-4,HAS_OBLIGATION
article-44,obligation-article-44-5,HAS_OBLIGATION
article-45,article-78,REFERENCES
article-45,annex-vii,REFERENCES
article-45,annex-vii,REFERENCES
article-45,obligation-article-45-0,HAS_OBLIGATION
article-45,obligation-article-45-1,HAS_OBLIGATION
article-45,obligation-article-45-2,HAS_OBLIGATION
article-45,obligation-article-45-3,HAS_OBLIGATION
article-46,article-43,REFERENCES
article-46,annex-i,REFERENCES
article-46,obligation-article-46-0,HAS_OBLIGATION
article-46,obligation-article-46-1,HAS_OBLIGATION
article-46,obligation-article-46-2,HAS_OBLIGATION
article-46,obligation-article-46-3,HAS_OBLIGATION
article-46,obligation-article-46-4,HAS_OBLIGATION
article-46,obligation-article-46-5,HAS_OBLIGATION
article-46,obligation-article-46-6,HAS_OBLIGATION
article-46,obligation-article-46-7,HAS_OBLIGATION
article-46,obligation-article-46-8,HAS_OBLIGATION
article-46,obligation-article-46-9,HAS_OBLIGATION
article-46,obligation-article-46-10,HAS_OBLIGATION
article-46,obligation-article-46-11,HAS_OBLIGATION
article-46,obligation-article-46-12,HAS_OBLIGATION
article-46,risk-high,CLASSIFIES_AS
article-47,article-97,REFERENCES
article-47,annex-v,REFERENCES
article-47,annex-v,REFERENCES
article-47,obligation-article-47-0,HAS_OBLIGATION
obligation-article-47-0,actor-provider,IMPOSES_ON
article-47,obligation-article-47-1,HAS_OBLIGATION
article-47,obligation-article-47-2,HAS_OBLIGATION
article-47,obligation-article-47-3,HAS_OBLIGATION
article-47,obligation-article-47-4,HAS_OBLIGATION
article-47,obligation-article-47-5,HAS_OBLIGATION
article-47,obligation-article-47-6,HAS_OBLIGATION
article-47,obligation-article-47-7,HAS_OBLIGATION
obligation-article-47-7,actor-provider,IMPOSES_ON
article-47,obligation-article-47-8,HAS_OBLIGATION
obligation-article-47-8,actor-provider,IMPOSES_ON
article-47,risk-high,CLASSIFIES_AS
article-48,article-30,REFERENCES
article-48,article-43,REFERENCES
article-48,obligation-article-48-0,HAS_OBLIGATION
article-48,obligation-article-48-1,HAS_OBLIGATION
article-48,obligation-article-48-2,HAS_OBLIGATION
article-48,obligation-article-48-3,HAS_OBLIGATION
article-48,obligation-article-48-4,HAS_OBLIGATION
article-48,obligation-article-48-5,HAS_OBLIGATION
obligation-article-48-5,actor-provider,IMPOSES_ON
article-48,obligation-article-48-6,HAS_OBLIGATION
article-48,obligation-article-48-7,HAS_OBLIGATION
article-48,risk-high,CLASSIFIES_AS
article-49,article-71,REFERENCES
article-49,article-6,REFERENCES
article-49,article-71,REFERENCES
article-49,article-71,REFERENCES
article-49,article-71,REFERENCES
article-49,article-74,REFERENCES
article-49,annex-iii,REFERENCES
article-49,annex-iii,REFERENCES
article-49,annex-iii,REFERENCES
article-49,annex-iii,REFERENCES
article-49,annex-iii,REFERENCES
article-49,annex-viii,REFERENCES
article-49,annex-viii,REFERENCES
article-49,annex-viii,REFERENCES
article-49,annex-ix,REFERENCES
article-49,annex-iii,REFERENCES
article-49,obligation-article-49-0,HAS_OBLIGATION
obligation-article-49-0,actor-provider,IMPOSES_ON
article-49,obligation-article-49-1,HAS_OBLIGATION
obligation-article-49-1,actor-provider,IMPOSES_ON
article-49,obligation-article-49-2,HAS_OBLIGATION
obligation-article-49-2,actor-deployer,IMPOSES_ON
article-49,obligation-article-49-3,HAS_OBLIGATION
article-49,obligation-article-49-4,HAS_OBLIGATION
article-49,obligation-article-49-5,HAS_OBLIGATION
article-49,risk-high,CLASSIFIES_AS
article-5,article-2,REFERENCES
article-5,article-9,REFERENCES
article-5,article-27,REFERENCES
article-5,article-49,REFERENCES
article-5,annex-ii,REFERENCES
article-5,obligation-article-5-0,HAS_OBLIGATION
article-5,obligation-article-5-1,HAS_OBLIGATION
article-5,obligation-article-5-2,HAS_OBLIGATION
article-5,obligation-article-5-3,HAS_OBLIGATION
article-5,obligation-article-5-4,HAS_OBLIGATION
article-5,obligation-article-5-5,HAS_OBLIGATION
article-5,obligation-article-5-6,HAS_OBLIGATION
article-5,obligation-article-5-7,HAS_OBLIGATION
article-5,obligation-article-5-8,HAS_OBLIGATION
article-5,obligation-article-5-9,HAS_OBLIGATION
article-5,obligation-article-5-10,HAS_OBLIGATION
article-5,obligation-article-5-11,HAS_OBLIGATION
article-5,obligation-article-5-12,HAS_OBLIGATION
article-5,obligation-article-5-13,HAS_OBLIGATION
article-5,obligation-article-5-14,HAS_OBLIGATION
article-5,obligation-article-5-15,HAS_OBLIGATION
article-5,obligation-article-5-16,HAS_OBLIGATION
article-5,obligation-article-5-17,HAS_OBLIGATION
article-5,obligation-article-5-18,HAS_OBLIGATION
article-5,risk-unacceptable,CLASSIFIES_AS
article-50,article-56,REFERENCES
article-50,article-98,REFERENCES
article-50,obligation-article-50-0,HAS_OBLIGATION
obligation-article-50-0,actor-provider,IMPOSES_ON
article-50,obligation-article-50-1,HAS_OBLIGATION
article-50,obligation-article-50-2,HAS_OBLIGATION
obligation-article-50-2,actor-provider,IMPOSES_ON
article-50,obligation-article-50-3,HAS_OBLIGATION
obligation-article-50-3,actor-provider,IMPOSES_ON
article-50,obligation-article-50-4,HAS_OBLIGATION
obligation-article-50-4,actor-deployer,IMPOSES_ON
article-50,obligation-article-50-5,HAS_OBLIGATION
obligation-article-50-5,actor-deployer,IMPOSES_ON
article-50,obligation-article-50-6,HAS_OBLIGATION
article-50,obligation-article-50-7,HAS_OBLIGATION
obligation-article-50-7,actor-deployer,IMPOSES_ON
article-50,obligation-article-50-8,HAS_OBLIGATION
article-50,obligation-article-50-9,HAS_OBLIGATION
obligation-article-50-9,actor-deployer,IMPOSES_ON
article-50,obligation-article-50-10,HAS_OBLIGATION
article-50,obligation-article-50-11,HAS_OBLIGATION
article-50,obligation-article-50-12,HAS_OBLIGATION
article-50,obligation-article-50-13,HAS_OBLIGATION
obligation-article-50-13,actor-deployer,IMPOSES_ON
article-50,obligation-article-50-14,HAS_OBLIGATION
article-50,obligation-article-50-15,HAS_OBLIGATION
article-51,article-97,REFERENCES
article-51,annex-xiii,REFERENCES
article-51,obligation-article-51-0,HAS_OBLIGATION
article-51,obligation-article-51-1,HAS_OBLIGATION
article-51,obligation-article-51-2,HAS_OBLIGATION
article-52,article-51,REFERENCES
article-52,article-51,REFERENCES
article-52,article-90,REFERENCES
article-52,article-97,REFERENCES
article-52,annex-xiii,REFERENCES
article-52,annex-xiii,REFERENCES
article-52,annex-xiii,REFERENCES
article-52,obligation-article-52-0,HAS_OBLIGATION
obligation-article-52-0,actor-provider,IMPOSES_ON
article-52,obligation-article-52-1,HAS_OBLIGATION
article-52,obligation-article-52-2,HAS_OBLIGATION
obligation-article-52-2,actor-provider,IMPOSES_ON
article-52,obligation-article-52-3,HAS_OBLIGATION
obligation-article-52-3,actor-provider,IMPOSES_ON
article-52,obligation-article-52-4,HAS_OBLIGATION
article-52,obligation-article-52-5,HAS_OBLIGATION
article-53,article-4,REFERENCES
article-53,article-56,REFERENCES
article-53,article-97,REFERENCES
article-53,article-97,REFERENCES
article-53,article-78,REFERENCES
article-53,annex-xi,REFERENCES
article-53,annex-xii,REFERENCES
article-53,annex-xi,REFERENCES
article-53,obligation-article-53-0,HAS_OBLIGATION
obligation-article-53-0,actor-provider,IMPOSES_ON
article-53,obligation-article-53-1,HAS_OBLIGATION
obligation-article-53-1,actor-provider,IMPOSES_ON
article-53,obligation-article-53-2,HAS_OBLIGATION
obligation-article-53-2,actor-provider,IMPOSES_ON
article-53,obligation-article-53-3,HAS_OBLIGATION
article-53,obligation-article-53-4,HAS_OBLIGATION
obligation-article-53-4,actor-provider,IMPOSES_ON
article-53,obligation-article-53-5,HAS_OBLIGATION
obligation-article-53-5,actor-provider,IMPOSES_ON
article-53,obligation-article-53-6,HAS_OBLIGATION
article-54,article-53,REFERENCES
article-54,article-55,REFERENCES
article-54,annex-xi,REFERENCES
article-54,annex-xi,REFERENCES
article-54,obligation-article-54-0,HAS_OBLIGATION
obligation-article-54-0,actor-provider,IMPOSES_ON
article-54,obligation-article-54-1,HAS_OBLIGATION
obligation-article-54-1,actor-provider,IMPOSES_ON
article-54,obligation-article-54-2,HAS_OBLIGATION
obligation-article-54-2,actor-provider,IMPOSES_ON
article-54,obligation-article-54-3,HAS_OBLIGATION
article-54,obligation-article-54-4,HAS_OBLIGATION
obligation-article-54-4,actor-provider,IMPOSES_ON
article-54,obligation-article-54-5,HAS_OBLIGATION
obligation-article-54-5,actor-provider,IMPOSES_ON
article-54,obligation-article-54-6,HAS_OBLIGATION
obligation-article-54-6,actor-provider,IMPOSES_ON
article-54,obligation-article-54-7,HAS_OBLIGATION
article-54,obligation-article-54-8,HAS_OBLIGATION
obligation-article-54-8,actor-provider,IMPOSES_ON
article-55,article-56,REFERENCES
article-55,article-78,REFERENCES
article-55,obligation-article-55-0,HAS_OBLIGATION
obligation-article-55-0,actor-provider,IMPOSES_ON
article-55,obligation-article-55-1,HAS_OBLIGATION
obligation-article-55-1,actor-provider,IMPOSES_ON
article-55,obligation-article-55-2,HAS_OBLIGATION
article-56,article-53,REFERENCES
article-56,article-53,REFERENCES
article-56,article-98,REFERENCES
article-56,obligation-article-56-0,HAS_OBLIGATION
article-56,obligation-article-56-1,HAS_OBLIGATION
article-56,obligation-article-56-2,HAS_OBLIGATION
article-56,obligation-article-56-3,HAS_OBLIGATION
article-56,obligation-article-56-4,HAS_OBLIGATION
article-56,obligation-article-56-5,HAS_OBLIGATION
article-56,obligation-article-56-6,HAS_OBLIGATION
article-56,obligation-article-56-7,HAS_OBLIGATION
article-56,obligation-article-56-8,HAS_OBLIGATION
article-56,obligation-article-56-9,HAS_OBLIGATION
article-56,obligation-article-56-10,HAS_OBLIGATION
article-56,obligation-article-56-11,HAS_OBLIGATION
obligation-article-56-11,actor-provider,IMPOSES_ON
article-56,obligation-article-56-12,HAS_OBLIGATION
article-57,article-75,REFERENCES
article-57,article-78,REFERENCES
article-57,article-62,REFERENCES
article-57,obligation-article-57-0,HAS_OBLIGATION
article-57,obligation-article-57-1,HAS_OBLIGATION
article-57,obligation-article-57-2,HAS_OBLIGATION
article-57,obligation-article-57-3,HAS_OBLIGATION
article-57,obligation-article-57-4,HAS_OBLIGATION
article-57,obligation-article-57-5,HAS_OBLIGATION
article-57,obligation-article-57-6,HAS_OBLIGATION
article-57,obligation-article-57-7,HAS_OBLIGATION
article-57,obligation-article-57-8,HAS_OBLIGATION
article-57,obligation-article-57-9,HAS_OBLIGATION
obligation-article-57-9,actor-provider,IMPOSES_ON
article-57,obligation-article-57-10,HAS_OBLIGATION
article-57,obligation-article-57-11,HAS_OBLIGATION
article-57,obligation-article-57-12,HAS_OBLIGATION
obligation-article-57-12,actor-provider,IMPOSES_ON
article-57,obligation-article-57-13,HAS_OBLIGATION
obligation-article-57-13,actor-provider,IMPOSES_ON
article-57,obligation-article-57-14,HAS_OBLIGATION
article-57,obligation-article-57-15,HAS_OBLIGATION
article-57,obligation-article-57-16,HAS_OBLIGATION
obligation-article-57-16,actor-provider,IMPOSES_ON
article-57,obligation-article-57-17,HAS_OBLIGATION
article-57,obligation-article-57-18,HAS_OBLIGATION
article-57,obligation-article-57-19,HAS_OBLIGATION
article-57,obligation-article-57-20,HAS_OBLIGATION
article-57,obligation-article-57-21,HAS_OBLIGATION
article-57,obligation-article-57-22,HAS_OBLIGATION
article-57,obligation-article-57-23,HAS_OBLIGATION
obligation-article-57-23,actor-provider,IMPOSES_ON
article-57,obligation-article-57-24,HAS_OBLIGATION
obligation-article-57-24,actor-provider,IMPOSES_ON
article-57,obligation-article-57-25,HAS_OBLIGATION
article-57,obligation-article-57-26,HAS_OBLIGATION
article-57,obligation-article-57-27,HAS_OBLIGATION
article-57,obligation-article-57-28,HAS_OBLIGATION
article-57,obligation-article-57-29,HAS_OBLIGATION
article-57,obligation-article-57-30,HAS_OBLIGATION
article-57,obligation-article-57-31,HAS_OBLIGATION
article-57,obligation-article-57-32,HAS_OBLIGATION
article-57,obligation-article-57-33,HAS_OBLIGATION
article-57,obligation-article-57-34,HAS_OBLIGATION
article-57,obligation-article-57-35,HAS_OBLIGATION
article-58,article-57,REFERENCES
article-58,article-98,REFERENCES
article-58,article-95,REFERENCES
article-58,obligation-article-58-0,HAS_OBLIGATION
article-58,obligation-article-58-1,HAS_OBLIGATION
article-58,obligation-article-58-2,HAS_OBLIGATION
article-58,obligation-article-58-3,HAS_OBLIGATION
obligation-article-58-3,actor-provider,IMPOSES_ON
article-58,obligation-article-58-4,HAS_OBLIGATION
obligation-article-58-4,actor-provider,IMPOSES_ON
article-58,obligation-article-58-5,HAS_OBLIGATION
article-58,obligation-article-58-6,HAS_OBLIGATION
article-59,article-35,REFERENCES
article-59,article-39,REFERENCES
article-59,annex-iv,REFERENCES
article-59,obligation-article-59-0,HAS_OBLIGATION
obligation-article-59-0,actor-provider,IMPOSES_ON
article-59,obligation-article-59-1,HAS_OBLIGATION
article-6,article-49,REFERENCES
article-6,article-96,REFERENCES
article-6,article-97,REFERENCES
article-6,article-97,REFERENCES
article-6,article-7,REFERENCES
article-6,annex-i,REFERENCES
article-6,annex-i,REFERENCES
article-6,annex-iii,REFERENCES
article-6,annex-iii,REFERENCES
article-6,annex-iii,REFERENCES
article-6,annex-iii,REFERENCES
article-6,annex-iii,REFERENCES
article-6,annex-iii,REFERENCES
article-6,obligation-article-6-0,HAS_OBLIGATION
article-6,obligation-article-6-1,HAS_OBLIGATION
article-6,obligation-article-6-2,HAS_OBLIGATION
article-6,obligation-article-6-3,HAS_OBLIGATION
article-6,obligation-article-6-4,HAS_OBLIGATION
article-6,obligation-article-6-5,HAS_OBLIGATION
article-6,obligation-article-6-6,HAS_OBLIGATION
article-6,obligation-article-6-7,HAS_OBLIGATION
article-6,obligation-article-6-8,HAS_OBLIGATION
obligation-article-6-8,actor-provider,IMPOSES_ON
article-6,obligation-article-6-9,HAS_OBLIGATION
obligation-article-6-9,actor-provider,IMPOSES_ON
article-6,obligation-article-6-10,HAS_OBLIGATION
obligation-article-6-10,actor-provider,IMPOSES_ON
article-6,obligation-article-6-11,HAS_OBLIGATION
article-6,obligation-article-6-12,HAS_OBLIGATION
article-6,obligation-article-6-13,HAS_OBLIGATION
article-6,risk-high,CLASSIFIES_AS
article-60,article-5,REFERENCES
article-60,article-98,REFERENCES
article-60,article-71,REFERENCES
article-60,article-49,REFERENCES
article-60,article-49,REFERENCES
article-60,article-13,REFERENCES
article-60,article-61,REFERENCES
article-60,article-75,REFERENCES
article-60,article-73,REFERENCES
article-60,annex-iii,REFERENCES
article-60,annex-i,REFERENCES
article-60,annex-i,REFERENCES
article-60,annex-iii,REFERENCES
article-60,annex-i,REFERENCES
article-60,annex-iii,REFERENCES
article-60,annex-iii,REFERENCES
article-60,annex-ix,REFERENCES
article-60,annex-iii,REFERENCES
article-60,annex-iii,REFERENCES
article-60,obligation-article-60-0,HAS_OBLIGATION
article-60,obligation-article-60-1,HAS_OBLIGATION
article-60,obligation-article-60-2,HAS_OBLIGATION
article-60,obligation-article-60-3,HAS_OBLIGATION
article-60,obligation-article-60-4,HAS_OBLIGATION
obligation-article-60-4,actor-provider,IMPOSES_ON
article-60,obligation-article-60-5,HAS_OBLIGATION
article-60,obligation-article-60-6,HAS_OBLIGATION
obligation-article-60-6,actor-provider,IMPOSES_ON
article-60,obligation-article-60-7,HAS_OBLIGATION
article-60,obligation-article-60-8,HAS_OBLIGATION
article-60,obligation-article-60-9,HAS_OBLIGATION
obligation-article-60-9,actor-provider,IMPOSES_ON
article-60,obligation-article-60-10,HAS_OBLIGATION
obligation-article-60-10,actor-provider,IMPOSES_ON
article-60,obligation-article-60-11,HAS_OBLIGATION
obligation-article-60-11,actor-provider,IMPOSES_ON
article-60,obligation-article-60-12,HAS_OBLIGATION
obligation-article-60-12,actor-provider,IMPOSES_ON
article-60,risk-high,CLASSIFIES_AS
article-61,article-60,REFERENCES
article-61,article-60,REFERENCES
article-61,obligation-article-61-0,HAS_OBLIGATION
obligation-article-61-0,actor-provider,IMPOSES_ON
article-61,obligation-article-61-1,HAS_OBLIGATION
article-62,article-43,REFERENCES
article-62,obligation-article-62-0,HAS_OBLIGATION
obligation-article-62-0,actor-provider,IMPOSES_ON
article-62,obligation-article-62-1,HAS_OBLIGATION
obligation-article-62-1,actor-provider,IMPOSES_ON
article-62,obligation-article-62-2,HAS_OBLIGATION
article-63,article-17,REFERENCES
article-63,obligation-article-63-0,HAS_OBLIGATION
article-63,obligation-article-63-1,HAS_OBLIGATION
article-63,risk-high,CLASSIFIES_AS
article-64,obligation-article-64-0,HAS_OBLIGATION
article-64,obligation-article-64-1,HAS_OBLIGATION
article-64,obligation-article-64-2,HAS_OBLIGATION
article-65,article-66,REFERENCES
article-65,article-30,REFERENCES
article-65,article-67,REFERENCES
article-65,obligation-article-65-0,HAS_OBLIGATION
article-65,obligation-article-65-1,HAS_OBLIGATION
article-65,obligation-article-65-2,HAS_OBLIGATION
article-65,obligation-article-65-3,HAS_OBLIGATION
article-65,obligation-article-65-4,HAS_OBLIGATION
article-65,obligation-article-65-5,HAS_OBLIGATION
article-65,obligation-article-65-6,HAS_OBLIGATION
article-65,obligation-article-65-7,HAS_OBLIGATION
article-65,obligation-article-65-8,HAS_OBLIGATION
article-65,obligation-article-65-9,HAS_OBLIGATION
article-65,obligation-article-65-10,HAS_OBLIGATION
article-66,article-74,REFERENCES
article-66,article-46,REFERENCES
article-66,article-112,REFERENCES
article-66,article-73,REFERENCES
article-66,article-71,REFERENCES
article-66,article-7,REFERENCES
article-66,article-5,REFERENCES
article-66,article-112,REFERENCES
article-66,annex-i,REFERENCES
article-66,annex-iii,REFERENCES
article-66,obligation-article-66-0,HAS_OBLIGATION
article-67,obligation-article-67-0,HAS_OBLIGATION
article-67,obligation-article-67-1,HAS_OBLIGATION
article-67,obligation-article-67-2,HAS_OBLIGATION
article-67,obligation-article-67-3,HAS_OBLIGATION
article-67,obligation-article-67-4,HAS_OBLIGATION
article-67,obligation-article-67-5,HAS_OBLIGATION
article-67,obligation-article-67-6,HAS_OBLIGATION
article-67,obligation-article-67-7,HAS_OBLIGATION
article-67,obligation-article-67-8,HAS_OBLIGATION
article-67,obligation-article-67-9,HAS_OBLIGATION
article-67,obligation-article-67-10,HAS_OBLIGATION
article-67,obligation-article-67-11,HAS_OBLIGATION
article-68,article-98,REFERENCES
article-68,article-90,REFERENCES
article-68,article-74,REFERENCES
article-68,article-81,REFERENCES
article-68,obligation-article-68-0,HAS_OBLIGATION
article-68,obligation-article-68-1,HAS_OBLIGATION
article-68,obligation-article-68-2,HAS_OBLIGATION
obligation-article-68-2,actor-provider,IMPOSES_ON
article-68,obligation-article-68-3,HAS_OBLIGATION
article-68,obligation-article-68-4,HAS_OBLIGATION
article-68,obligation-article-68-5,HAS_OBLIGATION
article-68,obligation-article-68-6,HAS_OBLIGATION
article-68,obligation-article-68-7,HAS_OBLIGATION
article-68,obligation-article-68-8,HAS_OBLIGATION
article-68,obligation-article-68-9,HAS_OBLIGATION
article-69,article-68,REFERENCES
article-69,article-84,REFERENCES
article-69,obligation-article-69-0,HAS_OBLIGATION
article-7,article-97,REFERENCES
article-7,article-97,REFERENCES
article-7,annex-iii,REFERENCES
article-7,annex-iii,REFERENCES
article-7,annex-iii,REFERENCES
article-7,annex-iii,REFERENCES
article-7,annex-iii,REFERENCES
article-7,obligation-article-7-0,HAS_OBLIGATION
obligation-article-7-0,actor-deployer,IMPOSES_ON
article-7,risk-high,CLASSIFIES_AS
article-70,article-78,REFERENCES
article-70,obligation-article-70-0,HAS_OBLIGATION
article-70,obligation-article-70-1,HAS_OBLIGATION
article-70,obligation-article-70-2,HAS_OBLIGATION
article-70,obligation-article-70-3,HAS_OBLIGATION
article-70,obligation-article-70-4,HAS_OBLIGATION
article-70,obligation-article-70-5,HAS_OBLIGATION
article-70,obligation-article-70-6,HAS_OBLIGATION
article-70,obligation-article-70-7,HAS_OBLIGATION
article-70,obligation-article-70-8,HAS_OBLIGATION
article-70,obligation-article-70-9,HAS_OBLIGATION
article-70,obligation-article-70-10,HAS_OBLIGATION
article-70,obligation-article-70-11,HAS_OBLIGATION
article-70,obligation-article-70-12,HAS_OBLIGATION
article-70,obligation-article-70-13,HAS_OBLIGATION
article-70,obligation-article-70-14,HAS_OBLIGATION
article-70,obligation-article-70-15,HAS_OBLIGATION
article-70,obligation-article-70-16,HAS_OBLIGATION
article-71,article-6,REFERENCES
article-71,article-6,REFERENCES
article-71,article-6,REFERENCES
article-71,article-49,REFERENCES
article-71,article-49,REFERENCES
article-71,article-49,REFERENCES
article-71,article-60,REFERENCES
article-71,article-49,REFERENCES
article-71,article-60,REFERENCES
article-71,annex-iii,REFERENCES
article-71,annex-viii,REFERENCES
article-71,annex-viii,REFERENCES
article-71,obligation-article-71-0,HAS_OBLIGATION
article-71,obligation-article-71-1,HAS_OBLIGATION
article-71,obligation-article-71-2,HAS_OBLIGATION
obligation-article-71-2,actor-provider,IMPOSES_ON
article-71,obligation-article-71-3,HAS_OBLIGATION
obligation-article-71-3,actor-deployer,IMPOSES_ON
article-71,obligation-article-71-4,HAS_OBLIGATION
article-71,obligation-article-71-5,HAS_OBLIGATION
obligation-article-71-5,actor-provider,IMPOSES_ON
article-71,obligation-article-71-6,HAS_OBLIGATION
article-71,obligation-article-71-7,HAS_OBLIGATION
obligation-article-71-7,actor-provider,IMPOSES_ON
article-71,obligation-article-71-8,HAS_OBLIGATION
article-71,obligation-article-71-9,HAS_OBLIGATION
obligation-article-71-9,actor-provider,IMPOSES_ON
article-71,obligation-article-71-10,HAS_OBLIGATION
article-71,risk-high,CLASSIFIES_AS
article-72,annex-iv,REFERENCES
article-72,annex-i,REFERENCES
article-72,annex-iii,REFERENCES
article-72,obligation-article-72-0,HAS_OBLIGATION
obligation-article-72-0,actor-provider,IMPOSES_ON
article-72,obligation-article-72-1,HAS_OBLIGATION
obligation-article-72-1,actor-provider,IMPOSES_ON
article-72,obligation-article-72-2,HAS_OBLIGATION
article-72,obligation-article-72-3,HAS_OBLIGATION
obligation-article-72-3,actor-deployer,IMPOSES_ON
article-72,obligation-article-72-4,HAS_OBLIGATION
article-72,obligation-article-72-5,HAS_OBLIGATION
article-72,obligation-article-72-6,HAS_OBLIGATION
article-72,obligation-article-72-7,HAS_OBLIGATION
obligation-article-72-7,actor-provider,IMPOSES_ON
article-72,obligation-article-72-8,HAS_OBLIGATION
article-72,risk-high,CLASSIFIES_AS
article-73,article-3,REFERENCES
article-73,article-3,REFERENCES
article-73,article-77,REFERENCES
article-73,article-19,REFERENCES
article-73,article-3,REFERENCES
article-73,article-3,REFERENCES
article-73,article-20,REFERENCES
article-73,annex-iii,REFERENCES
article-73,obligation-article-73-0,HAS_OBLIGATION
obligation-article-73-0,actor-provider,IMPOSES_ON
article-73,obligation-article-73-1,HAS_OBLIGATION
obligation-article-73-1,actor-provider,IMPOSES_ON
article-73,obligation-article-73-2,HAS_OBLIGATION
article-73,obligation-article-73-3,HAS_OBLIGATION
obligation-article-73-3,actor-provider,IMPOSES_ON
article-73,obligation-article-73-4,HAS_OBLIGATION
obligation-article-73-4,actor-provider,IMPOSES_ON
article-73,obligation-article-73-5,HAS_OBLIGATION
obligation-article-73-5,actor-provider,IMPOSES_ON
article-73,obligation-article-73-6,HAS_OBLIGATION
article-73,obligation-article-73-7,HAS_OBLIGATION
obligation-article-73-7,actor-provider,IMPOSES_ON
article-73,obligation-article-73-8,HAS_OBLIGATION
article-73,obligation-article-73-9,HAS_OBLIGATION
article-73,obligation-article-73-10,HAS_OBLIGATION
article-73,obligation-article-73-11,HAS_OBLIGATION
article-73,obligation-article-73-12,HAS_OBLIGATION
obligation-article-73-12,actor-provider,IMPOSES_ON
article-73,obligation-article-73-13,HAS_OBLIGATION
article-73,obligation-article-73-14,HAS_OBLIGATION
article-73,risk-high,CLASSIFIES_AS
article-74,article-2,REFERENCES
article-74,article-34,REFERENCES
article-74,article-14,REFERENCES
article-74,article-14,REFERENCES
article-74,article-9,REFERENCES
article-74,article-78,REFERENCES
article-74,annex-i,REFERENCES
article-74,annex-i,REFERENCES
article-74,annex-i,REFERENCES
article-74,annex-iii,REFERENCES
article-74,annex-iii,REFERENCES
article-74,annex-i,REFERENCES
article-74,annex-iii,REFERENCES
article-74,obligation-article-74-0,HAS_OBLIGATION
article-74,obligation-article-74-1,HAS_OBLIGATION
article-74,obligation-article-74-2,HAS_OBLIGATION
article-74,obligation-article-74-3,HAS_OBLIGATION
article-74,obligation-article-74-4,HAS_OBLIGATION
article-74,obligation-article-74-5,HAS_OBLIGATION
article-74,obligation-article-74-6,HAS_OBLIGATION
article-74,obligation-article-74-7,HAS_OBLIGATION
article-74,obligation-article-74-8,HAS_OBLIGATION
article-74,obligation-article-74-9,HAS_OBLIGATION
article-74,obligation-article-74-10,HAS_OBLIGATION
article-74,obligation-article-74-11,HAS_OBLIGATION
article-74,obligation-article-74-12,HAS_OBLIGATION
article-74,obligation-article-74-13,HAS_OBLIGATION
article-74,obligation-article-74-14,HAS_OBLIGATION
obligation-article-74-14,actor-provider,IMPOSES_ON
article-74,obligation-article-74-15,HAS_OBLIGATION
obligation-article-74-15,actor-provider,IMPOSES_ON
article-74,obligation-article-74-16,HAS_OBLIGATION
article-74,risk-high,CLASSIFIES_AS
article-75,article-74,REFERENCES
article-75,article-73,REFERENCES
article-75,article-73,REFERENCES
article-75,article-43,REFERENCES
article-75,article-70,REFERENCES
article-75,article-78,REFERENCES
article-75,annex-i,REFERENCES
article-75,annex-iii,REFERENCES
article-75,annex-iii,REFERENCES
article-75,obligation-article-75-0,HAS_OBLIGATION
obligation-article-75-0,actor-provider,IMPOSES_ON
article-75,obligation-article-75-1,HAS_OBLIGATION
obligation-article-75-1,actor-provider,IMPOSES_ON
article-75,obligation-article-75-2,HAS_OBLIGATION
obligation-article-75-2,actor-provider,IMPOSES_ON
article-75,obligation-article-75-3,HAS_OBLIGATION
obligation-article-75-3,actor-provider,IMPOSES_ON
article-75,obligation-article-75-4,HAS_OBLIGATION
article-75,obligation-article-75-5,HAS_OBLIGATION
obligation-article-75-5,actor-provider,IMPOSES_ON
article-75,obligation-article-75-6,HAS_OBLIGATION
article-75,obligation-article-75-7,HAS_OBLIGATION
article-75,obligation-article-75-8,HAS_OBLIGATION
article-75,obligation-article-75-9,HAS_OBLIGATION
article-75,obligation-article-75-10,HAS_OBLIGATION
article-75,obligation-article-75-11,HAS_OBLIGATION
article-75,obligation-article-75-12,HAS_OBLIGATION
article-75,obligation-article-75-13,HAS_OBLIGATION
article-75,obligation-article-75-14,HAS_OBLIGATION
obligation-article-75-14,actor-provider,IMPOSES_ON
article-75,obligation-article-75-15,HAS_OBLIGATION
obligation-article-75-15,actor-provider,IMPOSES_ON
article-75,obligation-article-75-16,HAS_OBLIGATION
obligation-article-75-16,actor-deployer,IMPOSES_ON
article-75,obligation-article-75-17,HAS_OBLIGATION
obligation-article-75-17,actor-provider,IMPOSES_ON
article-75,obligation-article-75-18,HAS_OBLIGATION
article-75,obligation-article-75-19,HAS_OBLIGATION
article-75,obligation-article-75-20,HAS_OBLIGATION
article-75,obligation-article-75-21,HAS_OBLIGATION
article-75,obligation-article-75-22,HAS_OBLIGATION
article-75,obligation-article-75-23,HAS_OBLIGATION
article-75,obligation-article-75-24,HAS_OBLIGATION
article-75,risk-high,CLASSIFIES_AS
article-76,article-60,REFERENCES
article-76,article-58,REFERENCES
article-76,article-60,REFERENCES
article-76,article-60,REFERENCES
article-76,article-60,REFERENCES
article-76,annex-i,REFERENCES
article-76,obligation-article-76-0,HAS_OBLIGATION
article-76,obligation-article-76-1,HAS_OBLIGATION
article-76,obligation-article-76-2,HAS_OBLIGATION
article-76,obligation-article-76-3,HAS_OBLIGATION
obligation-article-76-3,actor-provider,IMPOSES_ON
article-76,obligation-article-76-4,HAS_OBLIGATION
article-77,article-78,REFERENCES
article-77,obligation-article-77-0,HAS_OBLIGATION
article-77,obligation-article-77-1,HAS_OBLIGATION
obligation-article-77-1,actor-provider,IMPOSES_ON
article-77,obligation-article-77-2,HAS_OBLIGATION
article-77,obligation-article-77-3,HAS_OBLIGATION
article-77,obligation-article-77-4,HAS_OBLIGATION
article-77,obligation-article-77-5,HAS_OBLIGATION
article-77,obligation-article-77-6,HAS_OBLIGATION
article-77,obligation-article-77-7,HAS_OBLIGATION
article-77,risk-high,CLASSIFIES_AS
article-78,article-5,REFERENCES
article-78,article-74,REFERENCES
article-78,annex-iii,REFERENCES
article-78,annex-iii,REFERENCES
article-78,annex-iv,REFERENCES
article-78,obligation-article-78-0,HAS_OBLIGATION
article-78,obligation-article-78-1,HAS_OBLIGATION
article-78,obligation-article-78-2,HAS_OBLIGATION
article-78,obligation-article-78-3,HAS_OBLIGATION
obligation-article-78-3,actor-deployer,IMPOSES_ON
article-78,obligation-article-78-4,HAS_OBLIGATION
article-78,obligation-article-78-5,HAS_OBLIGATION
obligation-article-78-5,actor-provider,IMPOSES_ON
article-78,obligation-article-78-6,HAS_OBLIGATION
article-78,obligation-article-78-7,HAS_OBLIGATION
article-78,obligation-article-78-8,HAS_OBLIGATION
article-78,risk-high,CLASSIFIES_AS
article-79,article-3,REFERENCES
article-79,article-77,REFERENCES
article-79,article-77,REFERENCES
article-79,article-77,REFERENCES
article-79,article-18,REFERENCES
article-79,article-5,REFERENCES
article-79,article-50,REFERENCES
article-79,article-18,REFERENCES
article-79,article-5,REFERENCES
article-79,obligation-article-79-0,HAS_OBLIGATION
article-79,obligation-article-79-1,HAS_OBLIGATION
article-79,obligation-article-79-2,HAS_OBLIGATION
article-79,obligation-article-79-3,HAS_OBLIGATION
article-79,obligation-article-79-4,HAS_OBLIGATION
article-79,obligation-article-79-5,HAS_OBLIGATION
article-79,obligation-article-79-6,HAS_OBLIGATION
article-79,obligation-article-79-7,HAS_OBLIGATION
article-79,obligation-article-79-8,HAS_OBLIGATION
article-79,obligation-article-79-9,HAS_OBLIGATION
article-79,obligation-article-79-10,HAS_OBLIGATION
article-79,obligation-article-79-11,HAS_OBLIGATION
article-79,obligation-article-79-12,HAS_OBLIGATION
article-79,obligation-article-79-13,HAS_OBLIGATION
article-79,obligation-article-79-14,HAS_OBLIGATION
article-79,obligation-article-79-15,HAS_OBLIGATION
article-79,obligation-article-79-16,HAS_OBLIGATION
article-79,obligation-article-79-17,HAS_OBLIGATION
article-79,obligation-article-79-18,HAS_OBLIGATION
article-79,risk-high,CLASSIFIES_AS
article-8,article-9,REFERENCES
article-8,annex-i,REFERENCES
article-8,annex-i,REFERENCES
article-8,obligation-article-8-0,HAS_OBLIGATION
article-8,obligation-article-8-1,HAS_OBLIGATION
article-8,obligation-article-8-2,HAS_OBLIGATION
obligation-article-8-2,actor-provider,IMPOSES_ON
article-8,obligation-article-8-3,HAS_OBLIGATION
obligation-article-8-3,actor-provider,IMPOSES_ON
article-8,risk-high,CLASSIFIES_AS
article-80,article-6,REFERENCES
article-80,article-6,REFERENCES
article-80,article-99,REFERENCES
article-80,article-79,REFERENCES
article-80,article-99,REFERENCES
article-80,article-11,REFERENCES
article-80,article-71,REFERENCES
article-80,annex-iii,REFERENCES
article-80,obligation-article-80-0,HAS_OBLIGATION
obligation-article-80-0,actor-provider,IMPOSES_ON
article-80,obligation-article-80-1,HAS_OBLIGATION
obligation-article-80-1,actor-provider,IMPOSES_ON
article-80,obligation-article-80-2,HAS_OBLIGATION
obligation-article-80-2,actor-provider,IMPOSES_ON
article-80,obligation-article-80-3,HAS_OBLIGATION
obligation-article-80-3,actor-provider,IMPOSES_ON
article-80,obligation-article-80-4,HAS_OBLIGATION
obligation-article-80-4,actor-provider,IMPOSES_ON
article-80,obligation-article-80-5,HAS_OBLIGATION
obligation-article-80-5,actor-provider,IMPOSES_ON
article-80,obligation-article-80-6,HAS_OBLIGATION
obligation-article-80-6,actor-provider,IMPOSES_ON
article-80,obligation-article-80-7,HAS_OBLIGATION
obligation-article-80-7,actor-provider,IMPOSES_ON
article-80,risk-high,CLASSIFIES_AS
article-81,article-79,REFERENCES
article-81,article-5,REFERENCES
article-81,article-5,REFERENCES
article-81,article-79,REFERENCES
article-81,article-11,REFERENCES
article-81,obligation-article-81-0,HAS_OBLIGATION
article-81,obligation-article-81-1,HAS_OBLIGATION
article-81,obligation-article-81-2,HAS_OBLIGATION
article-81,obligation-article-81-3,HAS_OBLIGATION
article-81,obligation-article-81-4,HAS_OBLIGATION
article-81,obligation-article-81-5,HAS_OBLIGATION
article-82,article-79,REFERENCES
article-82,article-77,REFERENCES
article-82,obligation-article-82-0,HAS_OBLIGATION
article-82,obligation-article-82-1,HAS_OBLIGATION
obligation-article-82-1,actor-provider,IMPOSES_ON
article-82,obligation-article-82-2,HAS_OBLIGATION
article-82,obligation-article-82-3,HAS_OBLIGATION
article-82,obligation-article-82-4,HAS_OBLIGATION
article-82,obligation-article-82-5,HAS_OBLIGATION
article-82,obligation-article-82-6,HAS_OBLIGATION
article-82,obligation-article-82-7,HAS_OBLIGATION
article-82,risk-high,CLASSIFIES_AS
article-83,article-48,REFERENCES
article-83,article-47,REFERENCES
article-83,article-47,REFERENCES
article-83,article-71,REFERENCES
article-83,obligation-article-83-0,HAS_OBLIGATION
obligation-article-83-0,actor-provider,IMPOSES_ON
article-83,obligation-article-83-1,HAS_OBLIGATION
article-83,risk-high,CLASSIFIES_AS
article-84,article-21,REFERENCES
article-84,obligation-article-84-0,HAS_OBLIGATION
article-84,obligation-article-84-1,HAS_OBLIGATION
article-85,obligation-article-85-0,HAS_OBLIGATION
article-86,annex-iii,REFERENCES
article-86,obligation-article-86-0,HAS_OBLIGATION
obligation-article-86-0,actor-deployer,IMPOSES_ON
article-86,obligation-article-86-1,HAS_OBLIGATION
article-86,obligation-article-86-2,HAS_OBLIGATION
article-86,risk-high,CLASSIFIES_AS
article-87,obligation-article-87-0,HAS_OBLIGATION
article-88,article-94,REFERENCES
article-88,article-75,REFERENCES
article-88,obligation-article-88-0,HAS_OBLIGATION
obligation-article-88-0,actor-provider,IMPOSES_ON
article-88,obligation-article-88-1,HAS_OBLIGATION
article-89,obligation-article-89-0,HAS_OBLIGATION
obligation-article-89-0,actor-provider,IMPOSES_ON
article-89,obligation-article-89-1,HAS_OBLIGATION
obligation-article-89-1,actor-provider,IMPOSES_ON
article-9,article-72,REFERENCES
article-9,article-13,REFERENCES
article-9,article-60,REFERENCES
article-9,obligation-article-9-0,HAS_OBLIGATION
article-9,obligation-article-9-1,HAS_OBLIGATION
article-9,obligation-article-9-2,HAS_OBLIGATION
article-9,obligation-article-9-3,HAS_OBLIGATION
article-9,obligation-article-9-4,HAS_OBLIGATION
article-9,obligation-article-9-5,HAS_OBLIGATION
article-9,obligation-article-9-6,HAS_OBLIGATION
obligation-article-9-6,actor-deployer,IMPOSES_ON
article-9,obligation-article-9-7,HAS_OBLIGATION
obligation-article-9-7,actor-deployer,IMPOSES_ON
article-9,obligation-article-9-8,HAS_OBLIGATION
article-9,obligation-article-9-9,HAS_OBLIGATION
article-9,obligation-article-9-10,HAS_OBLIGATION
article-9,obligation-article-9-11,HAS_OBLIGATION
article-9,obligation-article-9-12,HAS_OBLIGATION
obligation-article-9-12,actor-provider,IMPOSES_ON
article-9,risk-high,CLASSIFIES_AS
article-90,article-51,REFERENCES
article-90,obligation-article-90-0,HAS_OBLIGATION
article-90,obligation-article-90-1,HAS_OBLIGATION
obligation-article-90-1,actor-provider,IMPOSES_ON
article-91,article-68,REFERENCES
article-91,article-101,REFERENCES
article-91,obligation-article-91-0,HAS_OBLIGATION
article-91,obligation-article-91-1,HAS_OBLIGATION
obligation-article-91-1,actor-provider,IMPOSES_ON
article-91,obligation-article-91-2,HAS_OBLIGATION
obligation-article-91-2,actor-provider,IMPOSES_ON
article-91,obligation-article-91-3,HAS_OBLIGATION
article-92,article-91,REFERENCES
article-92,article-90,REFERENCES
article-92,article-68,REFERENCES
article-92,article-68,REFERENCES
article-92,article-101,REFERENCES
article-92,article-98,REFERENCES
article-92,obligation-article-92-0,HAS_OBLIGATION
article-92,obligation-article-92-1,HAS_OBLIGATION
article-92,obligation-article-92-2,HAS_OBLIGATION
obligation-article-92-2,actor-provider,IMPOSES_ON
article-92,obligation-article-92-3,HAS_OBLIGATION
obligation-article-92-3,actor-provider,IMPOSES_ON
article-92,obligation-article-92-4,HAS_OBLIGATION
article-92,obligation-article-92-5,HAS_OBLIGATION
article-93,article-92,REFERENCES
article-94,article-18,REFERENCES
article-94,obligation-article-94-0,HAS_OBLIGATION
obligation-article-94-0,actor-provider,IMPOSES_ON
article-95,obligation-article-95-0,HAS_OBLIGATION
article-95,obligation-article-95-1,HAS_OBLIGATION
obligation-article-95-1,actor-deployer,IMPOSES_ON
article-95,obligation-article-95-2,HAS_OBLIGATION
article-95,risk-high,CLASSIFIES_AS
article-96,article-5,REFERENCES
article-96,article-50,REFERENCES
article-96,article-3,REFERENCES
article-96,article-8,REFERENCES
article-96,article-9,REFERENCES
article-96,article-17,REFERENCES
article-96,annex-i,REFERENCES
article-96,annex-i,REFERENCES
article-96,obligation-article-96-0,HAS_OBLIGATION
article-96,obligation-article-96-1,HAS_OBLIGATION
article-96,obligation-article-96-2,HAS_OBLIGATION
article-96,obligation-article-96-3,HAS_OBLIGATION
article-97,article-6,REFERENCES
article-97,article-7,REFERENCES
article-97,article-11,REFERENCES
article-97,article-43,REFERENCES
article-97,article-47,REFERENCES
article-97,article-51,REFERENCES
article-97,article-52,REFERENCES
article-97,article-53,REFERENCES
article-97,article-2,REFERENCES
article-97,article-30,REFERENCES
article-97,article-2,REFERENCES
article-97,article-6,REFERENCES
article-97,article-7,REFERENCES
article-97,article-11,REFERENCES
article-97,article-30,REFERENCES
article-97,article-43,REFERENCES
article-97,article-47,REFERENCES
article-97,article-51,REFERENCES
article-97,article-52,REFERENCES
article-97,article-53,REFERENCES
article-97,article-2,REFERENCES
article-97,article-6,REFERENCES
article-97,article-7,REFERENCES
article-97,article-11,REFERENCES
article-97,article-30,REFERENCES
article-97,article-43,REFERENCES
article-97,article-47,REFERENCES
article-97,article-51,REFERENCES
article-97,article-52,REFERENCES
article-97,article-53,REFERENCES
article-97,obligation-article-97-0,HAS_OBLIGATION
article-97,obligation-article-97-1,HAS_OBLIGATION
article-97,obligation-article-97-2,HAS_OBLIGATION
article-97,obligation-article-97-3,HAS_OBLIGATION
article-97,obligation-article-97-4,HAS_OBLIGATION
article-97,obligation-article-97-5,HAS_OBLIGATION
article-97,obligation-article-97-6,HAS_OBLIGATION
article-97,obligation-article-97-7,HAS_OBLIGATION
article-97,obligation-article-97-8,HAS_OBLIGATION
article-97,obligation-article-97-9,HAS_OBLIGATION
article-97,obligation-article-97-10,HAS_OBLIGATION
article-98,article-5,REFERENCES
article-98,obligation-article-98-0,HAS_OBLIGATION
article-98,obligation-article-98-1,HAS_OBLIGATION
article-98,obligation-article-98-2,HAS_OBLIGATION
article-99,article-96,REFERENCES
article-99,article-5,REFERENCES
article-99,article-16,REFERENCES
article-99,article-22,REFERENCES
article-99,article-23,REFERENCES
article-99,article-24,REFERENCES
article-99,article-25,REFERENCES
article-99,article-26,REFERENCES
article-99,article-31,REFERENCES
article-99,article-33,REFERENCES
article-99,article-34,REFERENCES
article-99,article-50,REFERENCES
article-99,obligation-article-99-0,HAS_OBLIGATION
article-99,obligation-article-99-1,HAS_OBLIGATION
article-99,obligation-article-99-2,HAS_OBLIGATION
article-99,obligation-article-99-3,HAS_OBLIGATION
article-99,obligation-article-99-4,HAS_OBLIGATION
article-99,obligation-article-99-5,HAS_OBLIGATION
obligation-article-99-5,actor-provider,IMPOSES_ON
article-99,obligation-article-99-6,HAS_OBLIGATION
article-99,obligation-article-99-7,HAS_OBLIGATION
article-99,obligation-article-99-8,HAS_OBLIGATION
article-99,obligation-article-99-9,HAS_OBLIGATION
article-99,obligation-article-99-10,HAS_OBLIGATION
article-99,obligation-article-99-11,HAS_OBLIGATION
article-99,obligation-article-99-12,HAS_OBLIGATION
article-99,obligation-article-99-13,HAS_OBLIGATION
recital-104,article-4,REFERENCES
recital-106,article-4,REFERENCES
recital-121,article-2,REFERENCES
recital-122,article-54,REFERENCES
recital-122,risk-high,CLASSIFIES_AS
recital-123,risk-high,CLASSIFIES_AS
recital-124,risk-high,CLASSIFIES_AS
recital-125,risk-high,CLASSIFIES_AS
recital-126,annex-i,REFERENCES
recital-128,risk-high,CLASSIFIES_AS
recital-129,risk-high,CLASSIFIES_AS
recital-130,risk-high,CLASSIFIES_AS
recital-131,risk-high,CLASSIFIES_AS
recital-132,risk-high,CLASSIFIES_AS
recital-136,article-16,REFERENCES
recital-136,article-16,REFERENCES
recital-14,article-4,REFERENCES
recital-14,article-3,REFERENCES
recital-14,article-3,REFERENCES
recital-140,article-6,REFERENCES
recital-140,article-9,REFERENCES
recital-140,article-4,REFERENCES
recital-140,article-10,REFERENCES
recital-140,article-22,REFERENCES
recital-140,article-24,REFERENCES
recital-141,risk-high,CLASSIFIES_AS
recital-146,risk-high,CLASSIFIES_AS
recital-149,article-30,REFERENCES
recital-149,article-33,REFERENCES
recital-155,risk-high,CLASSIFIES_AS
recital-157,risk-high,CLASSIFIES_AS
recital-158,risk-high,CLASSIFIES_AS
recital-159,risk-high,CLASSIFIES_AS
recital-160,article-9,REFERENCES
recital-160,risk-high,CLASSIFIES_AS
recital-161,risk-high,CLASSIFIES_AS
recital-164,article-18,REFERENCES
recital-165,risk-high,CLASSIFIES_AS
recital-166,risk-high,CLASSIFIES_AS
recital-171,risk-high,CLASSIFIES_AS
recital-173,risk-high,CLASSIFIES_AS
recital-174,risk-high,CLASSIFIES_AS
recital-176,article-5,REFERENCES
recital-177,risk-high,CLASSIFIES_AS
recital-178,risk-high,CLASSIFIES_AS
recital-180,article-42,REFERENCES
recital-22,risk-high,CLASSIFIES_AS
recital-24,article-4,REFERENCES
recital-24,article-4,REFERENCES
recital-26,risk-high,CLASSIFIES_AS
recital-3,article-16,REFERENCES
recital-3,article-16,REFERENCES
recital-33,article-2,REFERENCES
recital-33,risk-unacceptable,CLASSIFIES_AS
recital-38,article-16,REFERENCES
recital-38,article-10,REFERENCES
recital-38,article-10,REFERENCES
recital-38,article-8,REFERENCES
recital-39,article-10,REFERENCES
recital-39,article-9,REFERENCES
recital-39,article-10,REFERENCES
recital-39,article-9,REFERENCES
recital-40,article-5,REFERENCES
recital-40,article-5,REFERENCES
recital-40,article-5,REFERENCES
recital-40,article-5,REFERENCES
recital-40,article-26,REFERENCES
recital-40,article-16,REFERENCES
recital-40,article-16,REFERENCES
recital-41,article-5,REFERENCES
recital-41,article-5,REFERENCES
recital-41,article-5,REFERENCES
recital-41,article-26,REFERENCES
recital-41,article-16,REFERENCES
recital-45,risk-unacceptable,CLASSIFIES_AS
recital-46,risk-high,CLASSIFIES_AS
recital-48,article-24,REFERENCES
recital-49,risk-high,CLASSIFIES_AS
recital-50,risk-high,CLASSIFIES_AS
recital-51,risk-high,CLASSIFIES_AS
recital-52,risk-high,CLASSIFIES_AS
recital-53,article-4,REFERENCES
recital-53,article-3,REFERENCES
recital-53,article-3,REFERENCES
recital-53,risk-high,CLASSIFIES_AS
recital-54,article-9,REFERENCES
recital-54,risk-high,CLASSIFIES_AS
recital-55,risk-high,CLASSIFIES_AS
recital-56,risk-high,CLASSIFIES_AS
recital-57,risk-high,CLASSIFIES_AS
recital-58,risk-high,CLASSIFIES_AS
recital-59,risk-high,CLASSIFIES_AS
recital-6,article-2,REFERENCES
recital-6,article-6,REFERENCES
recital-60,risk-high,CLASSIFIES_AS
recital-61,risk-high,CLASSIFIES_AS
recital-62,article-39,REFERENCES
recital-62,risk-high,CLASSIFIES_AS
recital-63,risk-high,CLASSIFIES_AS
recital-64,risk-high,CLASSIFIES_AS
recital-65,risk-high,CLASSIFIES_AS
recital-66,risk-high,CLASSIFIES_AS
recital-67,risk-high,CLASSIFIES_AS
recital-68,risk-high,CLASSIFIES_AS
recital-7,risk-high,CLASSIFIES_AS
recital-70,article-9,REFERENCES
recital-70,article-10,REFERENCES
recital-70,risk-high,CLASSIFIES_AS
recital-71,risk-high,CLASSIFIES_AS
recital-72,risk-high,CLASSIFIES_AS
recital-73,risk-high,CLASSIFIES_AS
recital-74,risk-high,CLASSIFIES_AS
recital-75,risk-high,CLASSIFIES_AS
recital-76,risk-high,CLASSIFIES_AS
recital-77,risk-high,CLASSIFIES_AS
recital-78,risk-high,CLASSIFIES_AS
recital-79,risk-high,CLASSIFIES_AS
recital-80,risk-high,CLASSIFIES_AS
recital-81,risk-high,CLASSIFIES_AS
recital-82,risk-high,CLASSIFIES_AS
recital-84,article-16,REFERENCES
recital-84,risk-high,CLASSIFIES_AS
recital-85,risk-high,CLASSIFIES_AS
recital-86,risk-high,CLASSIFIES_AS
recital-87,risk-high,CLASSIFIES_AS
recital-88,risk-high,CLASSIFIES_AS
recital-9,risk-high,CLASSIFIES_AS
recital-90,risk-high,CLASSIFIES_AS
recital-91,risk-high,CLASSIFIES_AS
recital-92,risk-high,CLASSIFIES_AS
recital-93,article-13,REFERENCES
recital-93,risk-high,CLASSIFIES_AS
recital-94,article-10,REFERENCES
recital-94,article-4,REFERENCES
recital-96,risk-high,CLASSIFIES_AS
annex-i,article-2,REFERENCES
annex-ii,article-5,REFERENCES
annex-ii,article-5,REFERENCES
annex-iii,article-6,REFERENCES
annex-iii,article-6,REFERENCES
annex-iii,article-3,REFERENCES
annex-iii,article-3,REFERENCES
annex-iii,article-3,REFERENCES
annex-iii,article-3,REFERENCES
annex-iii,article-3,REFERENCES
annex-iii,article-3,REFERENCES
annex-iii,risk-high,CLASSIFIES_AS
annex-iv,article-11,REFERENCES
annex-iv,article-11,REFERENCES
annex-iv,article-14,REFERENCES
annex-iv,article-13,REFERENCES
annex-iv,article-14,REFERENCES
annex-iv,article-13,REFERENCES
annex-iv,article-14,REFERENCES
annex-iv,article-13,REFERENCES
annex-iv,article-14,REFERENCES
annex-iv,article-14,REFERENCES
annex-iv,article-9,REFERENCES
annex-iv,article-9,REFERENCES
annex-iv,article-47,REFERENCES
annex-iv,article-47,REFERENCES
annex-iv,article-72,REFERENCES
annex-iv,article-72,REFERENCES
annex-iv,article-72,REFERENCES
annex-iv,article-72,REFERENCES
annex-ix,article-60,REFERENCES
annex-ix,article-60,REFERENCES
annex-ix,annex-iii,REFERENCES
annex-ix,risk-high,CLASSIFIES_AS
annex-v,article-47,REFERENCES
annex-v,article-47,REFERENCES
annex-v,article-47,REFERENCES
annex-v,article-47,REFERENCES
annex-v,article-47,REFERENCES
annex-vi,article-17,REFERENCES
annex-vi,article-72,REFERENCES
annex-vii,article-17,REFERENCES
annex-vii,article-17,REFERENCES
annex-vii,article-17,REFERENCES
annex-vii,article-17,REFERENCES
annex-vii,article-43,REFERENCES
annex-vii,annex-iv,REFERENCES
annex-vii,annex-iv,REFERENCES
annex-vii,risk-high,CLASSIFIES_AS
annex-viii,article-49,REFERENCES
annex-viii,article-49,REFERENCES
annex-viii,article-49,REFERENCES
annex-viii,article-47,REFERENCES
annex-viii,article-47,REFERENCES
annex-viii,article-49,REFERENCES
annex-viii,article-49,REFERENCES
annex-viii,article-6,REFERENCES
annex-viii,article-6,REFERENCES
annex-viii,article-49,REFERENCES
annex-viii,article-49,REFERENCES
annex-viii,article-27,REFERENCES
annex-viii,article-27,REFERENCES
annex-viii,article-35,REFERENCES
annex-viii,article-27,REFERENCES
annex-viii,article-26,REFERENCES
annex-viii,article-35,REFERENCES
annex-viii,article-27,REFERENCES
annex-viii,article-26,REFERENCES
annex-viii,annex-iii,REFERENCES
annex-viii,annex-iii,REFERENCES
annex-viii,risk-high,CLASSIFIES_AS
annex-xi,article-53,REFERENCES
annex-xi,article-53,REFERENCES
annex-xii,article-53,REFERENCES
annex-xii,article-53,REFERENCES
annex-xiii,article-51,REFERENCES
annex-xiii,article-51,REFERENCES
annex-xiv,article-30,REFERENCES
annex-xiv,article-30,REFERENCES
annex-xiv,article-29,REFERENCES
annex-xiv,annex-i,REFERENCES
annex-xiv,annex-i,REFERENCES
annex-xiv,annex-i,REFERENCES
annex-xiv,annex-i,REFERENCES
annex-xiv,annex-i,REFERENCES
annex-xiv,annex-i,REFERENCES
annex-xiv,annex-i,REFERENCES
annex-xiv,annex-i,REFERENCES
annex-xiv,annex-i,REFERENCES
annex-xiv,annex-i,REFERENCES
annex-xiv,annex-i,REFERENCES
annex-xiv,annex-i,REFERENCES
annex-xiv,annex-i,REFERENCES
annex-xiv,annex-i,REFERENCES
annex-xiv,annex-i,REFERENCES
annex-xiv,annex-i,REFERENCES
annex-xiv,annex-i,REFERENCES
annex-xiv,annex-i,REFERENCES
annex-xiv,annex-i,REFERENCES
annex-xiv,annex-i,REFERENCES
annex-xiv,annex-i,REFERENCES
annex-xiv,annex-i,REFERENCES
annex-xiv,annex-i,REFERENCES
annex-xiv,annex-iii,REFERENCES
annex-xiv,risk-high,CLASSIFIES_AS
recital-104,article-4,INTERPRETS
recital-106,article-4,INTERPRETS
recital-121,article-2,INTERPRETS
recital-122,article-54,INTERPRETS
recital-136,article-16,INTERPRETS
recital-136,article-16,INTERPRETS
recital-14,article-4,INTERPRETS
recital-14,article-3,INTERPRETS
recital-14,article-3,INTERPRETS
recital-140,article-6,INTERPRETS
recital-140,article-9,INTERPRETS
recital-140,article-4,INTERPRETS
recital-140,article-10,INTERPRETS
recital-140,article-22,INTERPRETS
recital-140,article-24,INTERPRETS
recital-149,article-30,INTERPRETS
recital-149,article-33,INTERPRETS
recital-160,article-9,INTERPRETS
recital-164,article-18,INTERPRETS
recital-176,article-5,INTERPRETS
recital-180,article-42,INTERPRETS
recital-24,article-4,INTERPRETS
recital-24,article-4,INTERPRETS
recital-3,article-16,INTERPRETS
recital-3,article-16,INTERPRETS
recital-33,article-2,INTERPRETS
recital-38,article-16,INTERPRETS
recital-38,article-10,INTERPRETS
recital-38,article-10,INTERPRETS
recital-38,article-8,INTERPRETS
recital-39,article-10,INTERPRETS
recital-39,article-9,INTERPRETS
recital-39,article-10,INTERPRETS
recital-39,article-9,INTERPRETS
recital-40,article-5,INTERPRETS
recital-40,article-5,INTERPRETS
recital-40,article-5,INTERPRETS
recital-40,article-5,INTERPRETS
recital-40,article-26,INTERPRETS
recital-40,article-16,INTERPRETS
recital-40,article-16,INTERPRETS
recital-41,article-5,INTERPRETS
recital-41,article-5,INTERPRETS
recital-41,article-5,INTERPRETS
recital-41,article-26,INTERPRETS
recital-41,article-16,INTERPRETS
recital-48,article-24,INTERPRETS
recital-53,article-4,INTERPRETS
recital-53,article-3,INTERPRETS
recital-53,article-3,INTERPRETS
recital-54,article-9,INTERPRETS
recital-6,article-2,INTERPRETS
recital-6,article-6,INTERPRETS
recital-62,article-39,INTERPRETS
recital-70,article-9,INTERPRETS
recital-70,article-10,INTERPRETS
recital-84,article-16,INTERPRETS
recital-93,article-13,INTERPRETS
recital-94,article-10,INTERPRETS
recital-94,article-4,INTERPRETS
